Source_language,target_language,article_count,translators
ady,tr,1,1
af,ca,2,1
af,ckb,1,1
af,en,10,10
af,fr,1,1
af,kn,1,1
af,nl,3,3
af,nso,1,1
af,ro,1,1
af,ru,1,1
af,sv,1,1
af,tr,1,1
af,uk,1,1
ak,en,1,1
am,ast,1,1
am,en,5,3
am,om,6,2
am,pt,1,1
am,so,1,1
am,sv,1,1
am,ti,1,1
an,en,1,1
an,es,3,3
an,ro,1,1
ar,am,1,1
ar,ary,10,9
ar,arz,8,8
ar,be,1,1
ar,bg,4,1
ar,bm,1,1
ar,bn,17,12
ar,bs,2,2
ar,ckb,58,27
ar,cs,2,1
ar,de,11,10
ar,dv,1,1
ar,en,356,317
ar,es,9,9
ar,fa,31,23
ar,fr,36,31
ar,gl,1,1
ar,ha,4,3
ar,he,10,7
ar,hr,1,1
ar,hyw,1,1
ar,id,3,3
ar,it,3,2
ar,iu,5,4
ar,ja,1,1
ar,jv,1,1
ar,kab,3,1
ar,kcg,1,1
ar,ko,2,2
ar,ku,5,5
ar,ml,1,1
ar,ms,9,2
ar,nl,1,1
ar,nqo,2,2
ar,om,6,2
ar,pnb,1,1
ar,ps,1,1
ar,pt,3,3
ar,qu,1,1
ar,ru,10,3
ar,sco,1,1
ar,simple,1,1
ar,sk,2,1
ar,so,4,3
ar,sv,2,2
ar,sw,4,1
ar,te,1,1
ar,th,2,1
ar,ti,1,1
ar,tr,11,10
ar,ts,1,1
ar,ug,1,1
ar,ur,6,6
ar,uz,34,25
ar,zh,5,4
arc,he,1,1
arc,ur,1,1
ary,ar,2,1
ary,en,1,1
ary,es,1,1
ary,fa,1,1
ary,fr,2,2
ary,ja,4,3
arz,ar,7,7
arz,cs,1,1
arz,en,5,5
arz,es,2,2
arz,fa,1,1
arz,he,1,1
arz,it,1,1
arz,nds,1,1
as,bn,1,1
as,en,8,8
as,hi,1,1
ast,ar,1,1
ast,en,6,6
ast,es,3,3
ast,eu,1,1
ast,gl,1,1
ast,nl,1,1
ast,ru,1,1
avk,en,1,1
az,av,1,1
az,ba,19,1
az,ce,1,1
az,chr,1,1
az,da,1,1
az,de,2,2
az,en,75,71
az,es,1,1
az,fa,7,6
az,fr,1,1
az,hy,3,3
az,id,1,1
az,ik,1,1
az,it,1,1
az,ja,2,2
az,ka,11,7
az,kk,1,1
az,mn,1,1
az,nl,1,1
az,nov,1,1
az,oc,1,1
az,os,1,1
az,pl,3,3
az,pnt,1,1
az,pt,1,1
az,ru,32,31
az,rue,1,1
az,te,1,1
az,th,1,1
az,tr,58,37
az,uz,7,6
az,vep,1,1
az,xal,1,1
az,zh,1,1
azb,en,1,1
azb,th,1,1
azb,ur,1,1
ba,crh-latn,1,1
ba,en,1,1
ba,hy,1,1
ba,ja,1,1
ba,kk,2,1
ba,ru,11,8
ba,tt,41,7
ba,uk,2,1
ba,ur,1,1
ban,en,1,1
bar,en,1,1
bar,la,1,1
bcl,en,6,6
bcl,tl,2,2
bcl,tpi,1,1
be,ba,1,1
be,be-tarask,4,4
be,co,1,1
be,cs,1,1
be,de,1,1
be,en,9,9
be,eo,1,1
be,et,1,1
be,fr,1,1
be,gl,1,1
be,mdf,1,1
be,olo,1,1
be,pl,12,8
be,ru,91,27
be,rue,1,1
be,simple,1,1
be,sw,1,1
be,tt,1,1
be,uk,16,7
be,zh,1,1
bg,av,1,1
bg,az,2,1
bg,be,2,1
bg,cs,2,2
bg,de,3,3
bg,el,6,3
bg,en,63,52
bg,fr,7,5
bg,gl,1,1
bg,he,1,1
bg,hi,2,1
bg,it,3,3
bg,mk,4,4
bg,mzn,1,1
bg,pl,2,2
bg,ro,1,1
bg,ru,5,4
bg,sr,51,1
bg,tr,2,2
bg,uk,4,4
bg,zh,1,1
bho,hi,1,1
bn,am,1,1
bn,ar,4,4
bn,as,8,8
bn,bho,1,1
bn,en,123,85
bn,fa,2,2
bn,fr,1,1
bn,hi,5,5
bn,kn,2,2
bn,ne,1,1
bn,oc,1,1
bn,pa,1,1
bn,sa,2,2
bn,simple,2,2
bn,ur,3,3
bn,zu,1,1
br,en,1,1
br,es,1,1
br,fr,1,1
br,gl,1,1
bs,bn,1,1
bs,ca,1,1
bs,cs,1,1
bs,de,2,2
bs,en,16,11
bs,es,1,1
bs,hr,1,1
bs,it,1,1
bs,ja,1,1
bs,mk,1,1
bs,sl,1,1
bs,sr,19,2
bs,sv,1,1
bs,uk,1,1
bs,ur,1,1
bxr,mn,1,1
ca,af,1,1
ca,an,1,1
ca,ar,3,2
ca,ast,2,2
ca,bn,1,1
ca,co,1,1
ca,de,4,3
ca,el,6,1
ca,en,48,42
ca,eo,1,1
ca,es,94,76
ca,eu,6,6
ca,fa,2,2
ca,fi,2,2
ca,fr,12,12
ca,gl,6,3
ca,hu,1,1
ca,ko,1,1
ca,ku,1,1
ca,lij,1,1
ca,ms,1,1
ca,nl,17,2
ca,nn,1,1
ca,oc,4,3
ca,pl,2,1
ca,pt,3,3
ca,ro,1,1
ca,ru,1,1
ca,sc,1,1
ca,simple,7,2
ca,tr,12,1
ca,vec,1,1
ca,vi,1,1
ce,en,1,1
ce,ja,1,1
ceb,af,1,1
ceb,an,1,1
ceb,ang,1,1
ceb,ar,2,1
ceb,ast,1,1
ceb,br,1,1
ceb,ca,1,1
ceb,de,9,9
ceb,en,31,28
ceb,es,25,6
ceb,fa,15,1
ceb,fr,4,4
ceb,he,4,2
ceb,id,1,1
ceb,it,3,3
ceb,ja,1,1
ceb,ka,1,1
ceb,nl,2,2
ceb,pnb,1,1
ceb,pt,2,2
ceb,ru,5,3
ceb,sh,1,1
ceb,sk,1,1
ceb,sv,1,1
ceb,uk,7,4
ceb,zh,3,3
ckb,ar,20,5
ckb,azb,1,1
ckb,de,1,1
ckb,en,14,14
ckb,fa,9,6
ckb,fr,1,1
ckb,ku,4,4
ckb,mzn,1,1
ckb,sn,1,1
ckb,ur,3,3
co,en,1,1
co,fr,1,1
co,frr,1,1
co,it,2,1
crh-latn,fr,1,1
cs,ar,1,1
cs,bg,1,1
cs,ca,2,1
cs,de,29,26
cs,en,155,144
cs,eo,3,3
cs,es,6,5
cs,eu,2,1
cs,fr,6,6
cs,gl,1,1
cs,he,2,2
cs,hr,1,1
cs,hu,5,5
cs,id,1,1
cs,ja,6,5
cs,ka,1,1
cs,ko,1,1
cs,lt,1,1
cs,lv,1,1
cs,nb,1,1
cs,nl,1,1
cs,pdc,1,1
cs,pl,14,12
cs,pt,1,1
cs,ru,13,12
cs,rue,1,1
cs,sah,1,1
cs,sh,2,2
cs,simple,3,2
cs,sk,101,64
cs,sl,1,1
cs,sq,1,1
cs,sr,4,1
cs,tr,2,2
cs,uk,17,13
cs,uz,1,1
cs,vi,1,1
cs,zh,1,1
csb,jbo,1,1
cu,en,1,1
cv,co,1,1
cv,ru,3,3
cv,zh,1,1
cy,br,1,1
cy,de,1,1
cy,en,11,9
cy,es,1,1
cy,ga,6,2
cy,hr,1,1
cy,kw,1,1
cy,sr,1,1
cy,uk,1,1
cy,ur,1,1
da,bs,1,1
da,cs,1,1
da,de,6,5
da,en,40,40
da,eo,1,1
da,es,1,1
da,fa,1,1
da,fi,2,1
da,fr,2,2
da,fy,1,1
da,hr,2,1
da,is,2,1
da,ja,1,1
da,ka,1,1
da,nb,1,1
da,nl,1,1
da,nn,1,1
da,sv,25,5
da,ta,5,1
da,tl,1,1
da,uk,2,2
dag,en,2,2
de,am,4,2
de,an,1,1
de,ang,1,1
de,ar,17,15
de,arz,1,1
de,az,4,2
de,bar,5,5
de,be,2,2
de,bg,10,8
de,bn,1,1
de,br,1,1
de,bs,3,3
de,ca,91,14
de,cs,156,26
de,csb,1,1
de,da,6,5
de,el,33,19
de,en,420,368
de,eo,21,8
de,es,109,59
de,et,3,3
de,eu,3,3
de,fa,68,28
de,fi,4,4
de,fr,241,103
de,ga,2,1
de,gl,1,1
de,gsw,3,3
de,haw,1,1
de,he,15,11
de,hi,2,2
de,hr,8,8
de,hsb,1,1
de,hu,19,11
de,hy,3,3
de,id,6,2
de,is,2,1
de,it,61,33
de,ja,84,30
de,ka,5,4
de,kg,1,1
de,ko,8,3
de,ksh,1,1
de,ku,1,1
de,la,2,2
de,lb,6,5
de,lld,3,1
de,lt,7,4
de,ltg,1,1
de,lv,3,3
de,mk,15,2
de,ml,1,1
de,mn,1,1
de,mt,1,1
de,nb,14,11
de,nds,3,3
de,nds-nl,1,1
de,nl,67,19
de,nn,1,1
de,oc,1,1
de,pfl,1,1
de,pl,38,24
de,pt,45,27
de,rm,3,3
de,rmy,1,1
de,ro,39,17
de,ru,131,34
de,rue,1,1
de,sa,1,1
de,se,1,1
de,sh,3,1
de,simple,8,6
de,sk,4,4
de,sl,5,5
de,smn,1,1
de,sq,5,4
de,sr,129,5
de,sv,18,13
de,sw,1,1
de,szl,1,1
de,tg,4,1
de,th,5,4
de,tk,2,1
de,tl,1,1
de,tr,55,38
de,ug,1,1
de,uk,80,29
de,ur,1,1
de,uz,38,18
de,vec,1,1
de,vi,2,2
de,yi,1,1
de,yue,8,3
de,zh,27,21
diq,ja,1,1
dv,en,1,1
el,ady,1,1
el,ar,2,2
el,az,1,1
el,bg,2,2
el,de,11,10
el,en,137,110
el,es,3,3
el,fa,1,1
el,fr,9,7
el,he,1,1
el,hu,3,2
el,hy,1,1
el,ig,1,1
el,it,6,2
el,ja,7,5
el,ko,1,1
el,nb,1,1
el,nn,1,1
el,pnt,1,1
el,pt,1,1
el,ru,6,3
el,sq,1,1
el,sr,8,2
el,tr,29,2
el,uk,1,1
en,ab,6,1
en,ace,1,1
en,af,104,36
en,ak,51,17
en,am,33,18
en,an,4,4
en,ang,9,7
en,ar,3858,859
en,arc,2,1
en,ary,13,12
en,arz,31,23
en,as,90,38
en,ast,9,8
en,av,3,3
en,avk,3,3
en,ay,1,1
en,az,188,77
en,azb,1,1
en,ba,2,2
en,ban,3,3
en,bar,3,2
en,bcl,62,18
en,be,140,33
en,be-tarask,4,4
en,bg,221,122
en,bho,12,4
en,bjn,2,2
en,bm,2,2
en,bn,1261,535
en,bo,1,1
en,br,16,7
en,bs,210,33
en,ca,1694,153
en,cdo,1,1
en,ce,1,1
en,ceb,10,8
en,ch,1,1
en,chr,2,2
en,ckb,312,77
en,co,4,3
en,cr,2,2
en,cs,1211,368
en,csb,1,1
en,cu,1,1
en,cv,1,1
en,cy,75,45
en,da,114,60
en,dag,3,3
en,de,673,462
en,diq,1,1
en,dsb,2,2
en,dv,7,6
en,dz,2,2
en,el,874,272
en,eml,1,1
en,eo,128,44
en,es,4547,1659
en,et,70,50
en,eu,115,64
en,ext,1,1
en,fa,4025,1440
en,ff,5,5
en,fi,127,76
en,fj,1,1
en,fo,2,2
en,fr,2964,1582
en,fy,3,3
en,ga,90,32
en,gcr,2,2
en,gd,4,4
en,gl,86,28
en,gn,4,4
en,gom,5,4
en,gor,2,1
en,got,5,2
en,gsw,2,2
en,gu,144,57
en,guw,2,2
en,ha,666,101
en,hak,3,3
en,haw,29,10
en,he,2601,507
en,hi,599,260
en,hif,1,1
en,hr,198,102
en,hsb,1,1
en,ht,12,7
en,hu,402,145
en,hy,128,68
en,hyw,47,6
en,ia,8,8
en,id,1172,468
en,ie,3,3
en,ig,1026,193
en,ilo,2,2
en,io,2,2
en,is,26,18
en,it,1510,763
en,iu,3,3
en,ja,2548,750
en,jam,2,2
en,jbo,1,1
en,jv,10,2
en,ka,244,96
en,kaa,5,4
en,kab,10,5
en,kcg,1,1
en,kk,69,38
en,kl,1,1
en,km,91,23
en,kn,324,150
en,ko,1183,263
en,koi,1,1
en,ks,15,4
en,ku,45,23
en,kv,1,1
en,kw,11,9
en,ky,35,12
en,la,34,29
en,lad,2,2
en,lb,5,5
en,lfn,1,1
en,lg,56,26
en,li,1,1
en,lld,1,1
en,ln,2,1
en,lo,10,7
en,lrc,1,1
en,lt,91,43
en,lv,112,56
en,lzh,4,2
en,mai,1,1
en,mg,1,1
en,mi,7,6
en,min,1,1
en,mk,634,162
en,ml,1329,137
en,mn,73,57
en,mni,4,3
en,mnw,2,1
en,mr,107,71
en,ms,403,106
en,mt,19,14
en,my,149,98
en,mzn,4,4
en,nah,4,4
en,nan,5,5
en,nap,1,1
en,nb,329,71
en,nds,2,2
en,ne,75,32
en,nl,671,347
en,nn,13,8
en,nov,1,1
en,nqo,3,3
en,nso,8,2
en,nv,4,4
en,ny,5,4
en,oc,10,5
en,om,10,7
en,or,35,31
en,os,4,4
en,pa,540,47
en,pag,7,5
en,pam,1,1
en,pap,2,2
en,pcd,1,1
en,pcm,8,7
en,pdc,6,6
en,pi,1,1
en,pl,899,459
en,pms,1,1
en,pnb,9,9
en,pnt,3,3
en,ps,14,12
en,pt,2731,1039
en,qu,20,4
en,rm,4,4
en,rmy,1,1
en,rn,1,1
en,ro,486,264
en,ru,1443,573
en,rue,2,1
en,rup,4,3
en,rw,270,20
en,sa,19,16
en,sah,1,1
en,sat,11,4
en,sc,3,3
en,scn,2,2
en,sco,14,8
en,sd,11,6
en,se,4,4
en,sg,1,1
en,sh,20,13
en,shi,2,1
en,shn,3,3
en,si,139,90
en,simple,114,81
en,sk,149,82
en,skr,1,1
en,sl,244,57
en,sm,1,1
en,smn,5,2
en,sn,35,19
en,so,24,11
en,sq,205,119
en,sr,2052,100
en,ss,7,4
en,st,26,20
en,stq,2,2
en,su,6,3
en,sv,386,157
en,sw,314,55
en,ta,257,136
en,tcy,4,3
en,te,312,89
en,tet,1,1
en,tg,15,6
en,th,394,228
en,ti,10,4
en,tk,12,11
en,tl,841,81
en,tn,16,9
en,to,1,1
en,tpi,4,4
en,tr,2473,976
en,trv,1,1
en,ts,2,2
en,tt,5,3
en,tum,4,4
en,tw,489,11
en,ug,3,1
en,uk,1408,545
en,ur,274,93
en,uz,5022,792
en,ve,4,3
en,vec,1,1
en,vi,901,326
en,vls,1,1
en,vo,1,1
en,vro,2,2
en,war,2,2
en,wo,1,1
en,wuu,1,1
en,xal,1,1
en,xh,16,12
en,xmf,2,2
en,yi,17,10
en,yo,62,36
en,yue,48,25
en,zh,2326,987
en,zu,38,15
eo,be-tarask,1,1
eo,br,1,1
eo,co,1,1
eo,cs,1,1
eo,de,4,4
eo,en,6,4
eo,es,6,5
eo,et,1,1
eo,eu,2,2
eo,fa,6,4
eo,fr,5,4
eo,gl,1,1
eo,he,2,2
eo,id,1,1
eo,io,1,1
eo,lt,7,1
eo,nl,1,1
eo,pl,1,1
eo,pt,2,1
eo,ru,1,1
eo,sh,2,1
eo,te,1,1
eo,uk,1,1
eo,vec,1,1
eo,vo,1,1
eo,zh,1,1
es,af,1,1
es,an,6,6
es,ang,1,1
es,ar,24,20
es,arc,1,1
es,arz,2,2
es,ast,34,17
es,ay,2,2
es,az,8,2
es,be,3,2
es,bg,1,1
es,bho,1,1
es,bn,2,2
es,ca,332,150
es,ckb,1,1
es,co,2,2
es,crh-latn,1,1
es,cs,22,9
es,da,2,2
es,de,20,14
es,dsb,1,1
es,el,13,9
es,en,622,554
es,eo,14,12
es,eu,216,95
es,ext,3,3
es,fa,35,12
es,ff,1,1
es,fi,3,3
es,fr,126,97
es,fy,1,1
es,ga,8,1
es,gag,1,1
es,gan,1,1
es,gl,75,35
es,glk,1,1
es,gn,7,3
es,guw,1,1
es,haw,1,1
es,he,8,7
es,hi,1,1
es,hr,2,2
es,ht,2,2
es,hu,14,5
es,hyw,1,1
es,ia,1,1
es,id,22,6
es,ie,1,1
es,ig,4,3
es,is,1,1
es,it,70,62
es,ja,35,16
es,kab,1,1
es,kbd,1,1
es,kcg,1,1
es,kk,1,1
es,ko,5,4
es,ku,1,1
es,la,3,3
es,lad,3,3
es,li,1,1
es,lt,3,2
es,lzh,2,2
es,mg,1,1
es,mn,1,1
es,ms,1,1
es,nah,1,1
es,nan,1,1
es,nb,1,1
es,nds-nl,1,1
es,nl,12,6
es,nqo,2,2
es,nrm,1,1
es,nso,1,1
es,nv,1,1
es,oc,2,2
es,pam,1,1
es,pap,1,1
es,pl,12,10
es,pnb,1,1
es,pt,152,100
es,qu,8,6
es,rm,1,1
es,ro,34,10
es,ru,62,16
es,rue,1,1
es,se,1,1
es,sh,1,1
es,simple,11,11
es,sk,1,1
es,sl,1,1
es,smn,1,1
es,sq,1,1
es,sr,4,4
es,st,1,1
es,sv,2,2
es,tet,1,1
es,tg,1,1
es,th,3,3
es,tk,1,1
es,tl,3,3
es,tr,14,11
es,tt,2,2
es,udm,1,1
es,uk,14,12
es,ur,2,2
es,uz,7,6
es,vi,3,3
es,yue,1,1
es,zea,1,1
es,zh,31,14
et,be,1,1
et,de,6,6
et,en,33,32
et,fi,8,3
et,fr,1,1
et,hu,1,1
et,ja,1,1
et,ko,1,1
et,lv,2,2
et,pl,6,6
et,pt,1,1
et,ru,19,18
et,sv,1,1
et,uk,1,1
et,uz,1,1
et,vro,3,2
et,yue,1,1
et,zh,1,1
eu,ast,1,1
eu,ca,3,2
eu,cy,1,1
eu,de,2,2
eu,el,1,1
eu,en,2,2
eu,es,25,24
eu,fr,1,1
eu,ja,1,1
eu,pt,1,1
eu,ro,1,1
eu,sv,1,1
fa,ang,1,1
fa,ar,52,29
fa,az,10,10
fa,azb,7,3
fa,bg,1,1
fa,ckb,39,22
fa,de,4,4
fa,dv,1,1
fa,el,1,1
fa,en,373,330
fa,eo,1,1
fa,es,8,7
fa,eu,1,1
fa,fr,6,5
fa,frp,1,1
fa,gl,1,1
fa,glk,6,5
fa,he,2,2
fa,hu,1,1
fa,hy,1,1
fa,hyw,1,1
fa,id,1,1
fa,it,5,4
fa,ja,3,3
fa,ka,1,1
fa,ko,2,2
fa,ku,6,5
fa,lrc,1,1
fa,mzn,16,8
fa,new,1,1
fa,pl,3,2
fa,pnb,1,1
fa,ps,5,5
fa,pt,2,2
fa,ru,7,6
fa,sd,1,1
fa,simple,1,1
fa,skr,1,1
fa,tg,33,7
fa,th,2,2
fa,tk,4,4
fa,tr,13,11
fa,uk,1,1
fa,ur,10,4
fa,uz,83,24
fa,wuu,1,1
fa,zh,2,2
ff,cs,1,1
fi,ary,1,1
fi,ca,1,1
fi,de,2,2
fi,en,39,34
fi,es,1,1
fi,et,3,3
fi,fa,5,1
fi,fr,1,1
fi,frr,1,1
fi,ja,3,2
fi,nl,1,1
fi,ru,13,7
fi,smn,19,1
fi,sv,31,10
fi,tr,1,1
fi,uk,2,2
fi,uz,1,1
fi,zh,4,2
fo,en,4,3
fo,it,1,1
fr,af,3,3
fr,am,3,2
fr,an,1,1
fr,ang,1,1
fr,ar,94,69
fr,ary,5,5
fr,arz,3,2
fr,az,1,1
fr,bar,1,1
fr,be,3,2
fr,bg,9,7
fr,bm,4,3
fr,br,14,13
fr,ca,127,29
fr,ckb,2,2
fr,co,2,2
fr,cs,53,16
fr,da,2,2
fr,de,56,50
fr,el,10,7
fr,en,981,838
fr,eo,33,23
fr,es,300,131
fr,et,1,1
fr,eu,10,10
fr,fa,27,20
fr,ff,8,5
fr,fo,1,1
fr,frp,2,2
fr,ga,1,1
fr,gl,9,6
fr,gsw,1,1
fr,ha,1,1
fr,haw,2,2
fr,he,12,12
fr,hi,2,2
fr,hr,1,1
fr,ht,16,5
fr,hu,7,5
fr,hy,4,4
fr,hyw,2,2
fr,id,10,5
fr,ig,1,1
fr,is,4,4
fr,it,92,65
fr,ja,107,39
fr,jv,1,1
fr,ka,1,1
fr,kab,14,2
fr,kk,1,1
fr,kn,1,1
fr,ko,15,8
fr,kw,1,1
fr,la,2,1
fr,lij,1,1
fr,lmo,1,1
fr,ln,5,3
fr,lv,1,1
fr,mg,4,3
fr,mi,1,1
fr,mk,5,3
fr,my,1,1
fr,nb,3,3
fr,new,1,1
fr,nl,57,33
fr,nn,1,1
fr,nqo,29,11
fr,nv,1,1
fr,oc,20,13
fr,os,1,1
fr,pap,1,1
fr,pcd,2,2
fr,pl,38,31
fr,ps,2,1
fr,pt,60,44
fr,rn,2,1
fr,ro,19,17
fr,ru,63,29
fr,rw,22,1
fr,sc,1,1
fr,sco,1,1
fr,sh,3,1
fr,shi,1,1
fr,si,1,1
fr,simple,11,8
fr,sk,2,2
fr,sl,1,1
fr,sq,2,2
fr,sr,12,3
fr,sv,1,1
fr,ta,1,1
fr,th,2,1
fr,tr,23,22
fr,uk,25,12
fr,ur,2,2
fr,uz,6,5
fr,vec,1,1
fr,vi,18,13
fr,wa,1,1
fr,wo,1,1
fr,xmf,1,1
fr,yi,1,1
fr,yue,3,3
fr,zh,37,25
fy,nl,1,1
ga,en,7,6
ga,gd,2,1
ga,it,1,1
gag,tr,6,1
gag,ur,1,1
gan,ar,1,1
gd,ceb,1,1
gd,en,1,1
gd,ga,8,1
gl,ast,1,1
gl,ca,4,4
gl,en,9,8
gl,es,22,19
gl,eu,1,1
gl,fr,2,2
gl,pl,1,1
gl,pt,6,6
gl,ru,1,1
gl,sv,1,1
gl,zu,1,1
glk,fa,1,1
glk,ja,1,1
gn,uz,1,1
got,ur,1,1
gu,dz,1,1
gu,en,4,4
gu,hi,2,2
ha,en,14,13
ha,ff,3,1
ha,id,1,1
ha,ig,1,1
haw,hi,1,1
he,ar,7,7
he,cs,2,2
he,de,3,3
he,en,157,142
he,eo,232,1
he,es,6,5
he,fa,5,5
he,fr,7,7
he,gl,1,1
he,gu,1,1
he,hu,2,2
he,ik,1,1
he,ja,1,1
he,lad,1,1
he,lfn,1,1
he,ms,1,1
he,nl,3,1
he,nov,1,1
he,pam,1,1
he,pl,2,2
he,pt,2,2
he,ro,1,1
he,ru,8,6
he,simple,3,2
he,sr,6,1
he,sv,1,1
he,uk,10,7
he,vi,1,1
he,yi,15,7
he,yue,1,1
he,zh,2,2
hi,ang,1,1
hi,ar,1,1
hi,as,1,1
hi,bho,2,1
hi,bn,3,3
hi,de,1,1
hi,en,83,75
hi,fa,1,1
hi,fr,2,2
hi,gom,1,1
hi,gu,6,6
hi,id,1,1
hi,ja,1,1
hi,ko,1,1
hi,mai,1,1
hi,mn,1,1
hi,mni,2,2
hi,mr,14,14
hi,nds-nl,1,1
hi,ne,8,6
hi,nl,1,1
hi,or,3,3
hi,pa,5,4
hi,pt,1,1
hi,rmy,1,1
hi,sa,13,8
hi,simple,1,1
hi,so,1,1
hi,sr,1,1
hi,ta,2,2
hi,th,1,1
hi,ur,8,4
hi,uz,25,5
hi,zh,1,1
hif,en,1,1
hif,simple,1,1
hif,uz,1,1
hr,bs,4,4
hr,cs,6,2
hr,cy,1,1
hr,de,1,1
hr,el,4,1
hr,en,40,38
hr,fr,2,2
hr,ga,1,1
hr,hu,1,1
hr,it,4,3
hr,ja,1,1
hr,mk,3,3
hr,sh,1,1
hr,sk,1,1
hr,sl,3,3
hr,sq,1,1
hr,sr,280,5
hsb,cs,1,1
hsb,gl,1,1
hsb,ru,1,1
ht,fr,2,2
ht,sv,1,1
ht,tr,1,1
hu,af,1,1
hu,ang,1,1
hu,ca,2,1
hu,cs,7,6
hu,da,2,2
hu,de,15,6
hu,en,42,33
hu,eo,1,1
hu,es,4,4
hu,fi,1,1
hu,fr,10,6
hu,he,27,1
hu,it,2,2
hu,ja,2,2
hu,kk,1,1
hu,ko,1,1
hu,la,1,1
hu,nl,1,1
hu,pl,4,2
hu,pt,1,1
hu,ro,9,6
hu,ru,5,4
hu,sh,1,1
hu,sk,4,3
hu,sr,54,4
hu,uk,4,4
hu,ur,1,1
hu,vi,1,1
hy,az,1,1
hy,de,1,1
hy,en,54,43
hy,es,1,1
hy,fa,29,2
hy,fr,3,3
hy,hyw,3,2
hy,it,2,2
hy,ja,28,3
hy,ko,1,1
hy,ru,32,20
hy,simple,15,1
hy,sr,1,1
hy,tr,2,2
hy,uk,3,3
hy,vi,1,1
hyw,en,2,2
hyw,hy,1,1
ia,ur,1,1
ia,yi,1,1
id,ar,11,5
id,ban,2,2
id,bjn,1,1
id,bug,3,2
id,de,2,2
id,en,195,180
id,es,3,3
id,fr,1,1
id,gl,1,1
id,gor,2,2
id,haw,1,1
id,hi,1,1
id,ii,1,1
id,it,1,1
id,ja,13,7
id,jv,14,12
id,kk,1,1
id,ko,1,1
id,mad,1,1
id,min,8,8
id,ms,25,19
id,my,1,1
id,nl,1,1
id,pt,2,2
id,ru,1,1
id,simple,3,3
id,sk,1,1
id,sm,1,1
id,su,27,16
id,th,3,3
id,tr,2,2
id,uz,9,2
id,vi,2,2
id,yue,1,1
id,zh,3,3
ig,en,12,9
ig,fa,1,1
ig,ga,1,1
ig,ha,3,1
ig,io,1,1
io,ie,1,1
io,ig,1,1
io,pt,1,1
is,de,2,2
is,en,15,14
is,eo,1,1
is,fi,1,1
is,it,1,1
is,jv,1,1
is,lt,1,1
is,nb,4,3
is,nl,1,1
is,pl,2,2
is,uk,3,1
it,ar,4,3
it,arz,2,2
it,az,1,1
it,bg,6,3
it,bn,1,1
it,bs,1,1
it,ca,30,6
it,co,2,1
it,cs,17,8
it,da,1,1
it,de,18,10
it,el,6,3
it,en,278,232
it,eo,4,4
it,es,78,41
it,eu,1,1
it,fa,8,6
it,fi,2,2
it,fr,161,58
it,gl,7,3
it,he,9,7
it,hi,1,1
it,hr,2,2
it,hu,14,3
it,ia,1,1
it,id,5,3
it,ja,28,20
it,ka,3,2
it,ko,2,2
it,krc,1,1
it,ku,1,1
it,la,11,7
it,lij,3,1
it,lld,1,1
it,lmo,3,2
it,lv,1,1
it,mk,37,4
it,nap,4,1
it,nl,6,5
it,oc,1,1
it,pl,34,7
it,pms,2,2
it,pt,34,18
it,rm,1,1
it,rmy,1,1
it,ro,5,5
it,ru,16,10
it,sc,15,6
it,scn,2,2
it,sh,1,1
it,si,2,2
it,simple,3,1
it,sq,9,9
it,sr,3,2
it,ta,1,1
it,tr,16,4
it,uk,20,11
it,vec,10,6
it,zh,8,6
ja,af,1,1
ja,ar,3,3
ja,az,1,1
ja,ca,6,4
ja,cs,15,4
ja,de,13,9
ja,en,388,348
ja,eo,2,2
ja,es,21,14
ja,eu,1,1
ja,fa,4,3
ja,fr,39,25
ja,gl,1,1
ja,gom,1,1
ja,hak,1,1
ja,haw,1,1
ja,he,3,3
ja,hu,1,1
ja,id,13,11
ja,it,16,12
ja,iu,1,1
ja,ka,2,2
ja,ko,44,30
ja,la,1,1
ja,lzh,2,2
ja,ms,5,4
ja,my,1,1
ja,nb,1,1
ja,nl,7,4
ja,oc,1,1
ja,pdc,1,1
ja,pl,96,3
ja,pt,13,11
ja,ro,2,2
ja,ru,11,10
ja,simple,2,2
ja,sl,2,2
ja,sq,2,1
ja,sr,5,3
ja,sv,2,2
ja,th,6,6
ja,tl,1,1
ja,tr,9,3
ja,trv,1,1
ja,tt,1,1
ja,ug,1,1
ja,uk,4,4
ja,uz,3,3
ja,vi,11,10
ja,xmf,1,1
ja,yi,1,1
ja,yue,11,5
ja,zh,188,123
ja,zu,1,1
jv,en,3,3
jv,id,4,4
jv,ja,2,2
ka,de,4,4
ka,en,31,28
ka,es,1,1
ka,fa,1,1
ka,fr,2,2
ka,he,2,1
ka,ja,6,3
ka,lv,1,1
ka,pt,1,1
ka,ru,9,3
ka,tr,2,1
ka,uk,1,1
kaa,en,1,1
kaa,kk,1,1
kaa,ru,2,1
kaa,uz,4,3
kab,ar,1,1
kab,en,1,1
kbd,ady,3,1
kcg,hi,1,1
kg,pt,2,2
kk,ba,6,2
kk,pt,1,1
kk,ru,6,6
kk,tr,1,1
kk,tt,2,1
kk,uz,11,6
kl,pt,1,1
km,en,4,4
km,th,1,1
kn,bn,1,1
kn,en,12,12
kn,hi,4,3
kn,sa,2,1
kn,tcy,1,1
kn,te,6,2
ko,ar,2,2
ko,cs,1,1
ko,en,110,106
ko,es,3,3
ko,fa,3,3
ko,fr,4,4
ko,gsw,1,1
ko,id,2,2
ko,it,4,4
ko,ja,103,40
ko,ka,1,1
ko,km,2,1
ko,ky,1,1
ko,lv,1,1
ko,my,4,2
ko,ne,1,1
ko,nl,1,1
ko,pl,8,1
ko,pt,5,3
ko,simple,1,1
ko,ta,2,2
ko,tg,1,1
ko,tr,1,1
ko,uk,1,1
ko,uz,19,7
ko,vi,1,1
ko,zh,35,24
ku,ar,2,1
ku,ckb,7,7
ku,da,1,1
ku,de,4,4
ku,diq,1,1
ku,en,8,7
ku,eo,1,1
ku,fa,8,7
ku,tr,5,4
kw,en,2,2
ky,ba,1,1
ky,en,4,3
ky,fa,1,1
ky,kk,3,1
ky,ru,8,7
ky,simple,1,1
ky,tg,2,1
ky,tr,2,2
la,en,4,4
la,ko,1,1
la,sh,2,1
la,sq,12,2
lb,cs,2,1
lb,de,11,8
lb,en,3,3
lb,et,1,1
lb,fr,6,5
lb,jbo,1,1
lg,ar,1,1
lg,en,1,1
li,nl,1,1
lmo,it,1,1
lmo,ru,1,1
lmo,scn,1,1
ln,fr,1,1
ln,kg,1,1
lo,en,3,3
lo,my,1,1
lo,zh,1,1
lt,be,1,1
lt,de,2,2
lt,en,35,33
lt,es,2,2
lt,et,1,1
lt,fa,1,1
lt,nl,1,1
lt,pl,7,6
lt,ru,20,18
lt,ss,1,1
lt,uk,1,1
ltg,ur,1,1
lv,ady,1,1
lv,cs,2,2
lv,de,3,3
lv,el,1,1
lv,en,30,29
lv,gl,1,1
lv,lt,11,3
lv,nb,1,1
lv,nl,1,1
lv,nn,1,1
lv,pl,3,2
lv,ru,8,8
lv,sh,1,1
lv,tt,1,1
lzh,zh,1,1
mai,en,2,2
mg,ru,1,1
mi,en,2,2
min,id,3,1
mk,bg,3,3
mk,de,2,2
mk,el,4,3
mk,en,30,22
mk,es,1,1
mk,fr,2,2
mk,hr,1,1
mk,id,1,1
mk,rup,11,8
mk,si,1,1
mk,sq,1,1
mk,sr,24,4
mk,tr,3,3
mk,uk,1,1
ml,ar,1,1
ml,bn,1,1
ml,ca,1,1
ml,en,29,25
ml,eo,1,1
ml,haw,1,1
ml,hi,2,2
ml,ja,4,4
ml,kn,2,2
ml,ta,3,3
ml,te,1,1
ml,zh,1,1
mn,en,11,11
mn,kk,1,1
mn,ko,1,1
mn,ru,1,1
mn,zh,1,1
mni,en,1,1
mr,af,1,1
mr,ban,1,1
mr,ckb,1,1
mr,en,19,16
mr,gu,1,1
mr,or,1,1
mr,pt,1,1
mr,ru,1,1
mr,sa,2,2
mr,smn,1,1
mr,ur,1,1
ms,ang,1,1
ms,ar,2,2
ms,be,1,1
ms,de,2,2
ms,en,80,73
ms,et,1,1
ms,id,27,23
ms,ilo,1,1
ms,ja,2,2
ms,kk,1,1
ms,ku,1,1
ms,lez,1,1
ms,pt,1,1
ms,ta,3,3
ms,th,3,3
ms,trv,1,1
ms,uz,1,1
ms,zh,14,10
mt,en,3,2
mt,es,1,1
my,de,1,1
my,en,13,12
my,ja,1,1
my,jv,1,1
my,km,1,1
my,ko,2,2
my,pl,1,1
my,shn,1,1
my,zh,1,1
mzn,ckb,2,2
mzn,en,1,1
mzn,fa,8,7
mzn,haw,1,1
nah,es,2,2
nan,simple,1,1
nap,en,1,1
nap,it,2,2
nb,ar,2,1
nb,da,4,4
nb,de,1,1
nb,el,1,1
nb,en,27,24
nb,es,1,1
nb,fr,17,6
nb,he,5,2
nb,it,3,3
nb,nl,1,1
nb,nn,22,11
nb,pl,2,1
nb,ru,1,1
nb,smn,8,1
nb,sv,9,6
nb,th,1,1
nb,tr,1,1
nb,zh,1,1
nds,bar,1,1
nds,de,1,1
nds-nl,bar,1,1
ne,en,22,17
ne,hi,2,2
ne,kn,1,1
ne,or,1,1
new,hi,1,1
nl,af,1,1
nl,ar,1,1
nl,ary,1,1
nl,bn,1,1
nl,bs,1,1
nl,ca,3,1
nl,cs,15,5
nl,de,16,14
nl,el,1,1
nl,en,162,138
nl,eo,3,3
nl,es,15,12
nl,fa,4,4
nl,fr,38,28
nl,fy,9,6
nl,gl,1,1
nl,he,1,1
nl,id,5,5
nl,it,8,7
nl,ja,8,5
nl,kg,2,1
nl,ksh,2,1
nl,lb,1,1
nl,li,2,2
nl,nb,1,1
nl,nds-nl,1,1
nl,oc,1,1
nl,pap,3,3
nl,pdc,1,1
nl,pl,3,3
nl,ps,1,1
nl,pt,7,6
nl,ru,6,4
nl,sh,1,1
nl,smn,1,1
nl,sq,1,1
nl,sr,2,1
nl,tr,4,4
nl,uk,3,3
nl,ur,1,1
nl,uz,1,1
nn,cs,1,1
nn,en,4,4
nn,fr,2,2
nn,ja,2,2
nn,nb,7,7
nn,ru,1,1
nn,sv,2,2
no,en,3,2
no,it,1,1
no,nl,1,1
nqo,fa,1,1
ny,en,1,1
oc,ca,5,3
oc,en,1,1
oc,eu,2,1
oc,gl,1,1
oc,ja,1,1
om,am,2,1
om,en,7,5
om,gl,1,1
om,ti,1,1
or,en,6,6
or,hi,1,1
or,pt,1,1
os,en,1,1
os,uz,1,1
pa,en,15,4
pa,hi,2,2
pa,pnb,2,1
pa,ur,1,1
pcd,en,1,1
pcm,ig,1,1
pdc,en,1,1
pl,ar,2,2
pl,az,5,2
pl,ba,1,1
pl,be,6,5
pl,bg,1,1
pl,ca,1,1
pl,co,1,1
pl,crh-latn,1,1
pl,cs,22,13
pl,csb,1,1
pl,cy,2,1
pl,de,9,9
pl,el,5,2
pl,en,146,109
pl,eo,12,4
pl,es,2,2
pl,fa,1,1
pl,fr,18,16
pl,ga,5,2
pl,gl,1,1
pl,he,1,1
pl,hsb,1,1
pl,ht,1,1
pl,hu,1,1
pl,it,12,4
pl,ja,18,10
pl,ka,3,1
pl,ko,1,1
pl,ku,1,1
pl,lt,1,1
pl,mk,3,2
pl,nl,1,1
pl,pt,2,2
pl,ro,2,2
pl,ru,28,17
pl,sh,1,1
pl,sl,1,1
pl,sr,11,3
pl,sv,4,4
pl,szl,11,5
pl,tr,67,4
pl,tt,1,1
pl,uk,67,29
pl,ur,1,1
pl,vi,2,2
pl,zh,4,3
pnb,en,1,1
pnb,ps,1,1
ps,arz,1,1
ps,en,3,3
ps,es,1,1
ps,fa,3,2
ps,hi,1,1
ps,mzn,1,1
ps,pl,1,1
ps,ru,1,1
ps,tg,1,1
ps,uz,1,1
ps,zh,1,1
pt,ace,2,1
pt,an,1,1
pt,ar,6,4
pt,ary,2,2
pt,arz,1,1
pt,as,1,1
pt,ast,1,1
pt,atj,1,1
pt,az,2,2
pt,ban,1,1
pt,bho,1,1
pt,bn,2,2
pt,ca,12,6
pt,ceb,1,1
pt,co,1,1
pt,cs,3,1
pt,da,1,1
pt,de,12,9
pt,el,1,1
pt,en,443,382
pt,eo,5,5
pt,es,107,70
pt,eu,2,2
pt,ext,1,1
pt,fa,2,2
pt,fi,1,1
pt,fr,44,37
pt,fy,1,1
pt,gl,20,13
pt,gn,1,1
pt,gu,1,1
pt,haw,2,1
pt,he,3,1
pt,hi,1,1
pt,hr,3,2
pt,hu,1,1
pt,id,17,2
pt,io,2,1
pt,is,1,1
pt,it,16,16
pt,ja,5,5
pt,kl,1,1
pt,ko,4,3
pt,kw,1,1
pt,la,2,2
pt,li,1,1
pt,lij,1,1
pt,mi,2,1
pt,mt,1,1
pt,mwl,1,1
pt,my,1,1
pt,nb,1,1
pt,ne,1,1
pt,new,2,2
pt,nl,2,2
pt,nn,1,1
pt,nqo,1,1
pt,oc,1,1
pt,pa,1,1
pt,pdc,1,1
pt,pl,1,1
pt,ro,3,3
pt,ru,4,4
pt,sco,1,1
pt,sd,1,1
pt,sh,3,2
pt,simple,1,1
pt,srn,1,1
pt,sv,1,1
pt,th,2,1
pt,tl,1,1
pt,tr,150,9
pt,uk,2,2
pt,uz,2,2
pt,vec,2,2
pt,vi,2,1
pt,vo,3,2
pt,zh,3,3
pt,zu,1,1
pwn,en,1,1
qu,en,2,1
qu,es,1,1
qu,uk,1,1
rm,en,1,1
ro,az,1,1
ro,bg,1,1
ro,br,1,1
ro,ca,1,1
ro,cs,1,1
ro,da,1,1
ro,de,2,2
ro,el,1,1
ro,en,91,80
ro,es,11,6
ro,fr,4,4
ro,hi,2,2
ro,hu,1,1
ro,it,7,4
ro,ja,1,1
ro,ml,1,1
ro,nb,2,1
ro,oc,1,1
ro,or,2,2
ro,pl,2,2
ro,ru,2,2
ro,simple,1,1
ro,sk,1,1
ro,sr,8,2
ro,tr,2,2
ro,uk,2,2
ro,vo,1,1
ru,af,1,1
ru,ar,6,5
ru,av,1,1
ru,az,66,33
ru,ba,154,26
ru,be,268,35
ru,be-tarask,1,1
ru,bg,24,15
ru,bho,1,1
ru,ca,11,2
ru,co,2,1
ru,cs,91,7
ru,cu,2,2
ru,cv,4,4
ru,de,17,15
ru,el,14,10
ru,en,302,255
ru,eo,4,4
ru,es,33,31
ru,et,8,6
ru,eu,1,1
ru,fa,18,8
ru,fi,4,2
ru,fr,52,22
ru,gl,3,2
ru,he,21,15
ru,hi,1,1
ru,hr,2,2
ru,hu,1,1
ru,hy,84,56
ru,id,4,2
ru,ik,1,1
ru,it,23,11
ru,ja,83,20
ru,ka,33,14
ru,kaa,7,6
ru,kk,312,148
ru,ko,33,7
ru,ky,38,18
ru,la,1,1
ru,lad,1,1
ru,lez,1,1
ru,lt,8,5
ru,lv,16,11
ru,mdf,1,1
ru,mk,4,2
ru,mn,14,14
ru,mrj,1,1
ru,myv,1,1
ru,nb,1,1
ru,ne,3,1
ru,nl,3,2
ru,oc,1,1
ru,os,2,2
ru,pl,18,17
ru,pt,12,8
ru,rmy,1,1
ru,ro,10,7
ru,rue,1,1
ru,sah,2,2
ru,sh,1,1
ru,simple,4,4
ru,sq,1,1
ru,sr,221,8
ru,sv,8,4
ru,tg,77,10
ru,tk,2,2
ru,tr,23,18
ru,tt,70,17
ru,tyv,2,2
ru,udm,1,1
ru,uk,744,248
ru,uz,2340,529
ru,vep,2,1
ru,vi,3,3
ru,xal,3,2
ru,zh,11,10
rue,co,1,1
rue,ru,1,1
rue,uk,7,4
rue,ur,1,1
rup,ro,1,1
rw,en,11,7
rw,fr,6,3
sa,ja,1,1
sa,te,1,1
sah,en,1,1
sah,ru,3,3
sah,uk,1,1
sat,ur,1,1
sco,en,3,3
sco,pt,1,1
sd,en,1,1
se,smn,2,2
sgs,en,1,1
sh,bs,3,3
sh,cs,1,1
sh,en,2,1
sh,fr,1,1
sh,hr,1,1
sh,pl,3,2
sh,sr,141,1
shn,en,2,2
shn,my,1,1
si,en,11,10
simple,af,1,1
simple,am,1,1
simple,ar,3,3
simple,ary,2,2
simple,awa,1,1
simple,bn,1,1
simple,ca,5,4
simple,chr,1,1
simple,ckb,8,3
simple,cs,1,1
simple,da,1,1
simple,de,5,5
simple,en,15,14
simple,eo,2,2
simple,es,3,3
simple,et,1,1
simple,eu,1,1
simple,fa,4,3
simple,fj,1,1
simple,fr,6,6
simple,gu,1,1
simple,guw,2,1
simple,ha,1,1
simple,hi,2,2
simple,hif,1,1
simple,hyw,1,1
simple,id,1,1
simple,ie,1,1
simple,ig,2,2
simple,is,1,1
simple,it,3,3
simple,ja,15,5
simple,jv,1,1
simple,ko,1,1
simple,la,1,1
simple,lij,2,1
simple,lt,8,1
simple,my,3,3
simple,nap,1,1
simple,nb,1,1
simple,nl,2,2
simple,pa,1,1
simple,pcm,1,1
simple,pl,4,4
simple,pnb,1,1
simple,pt,3,3
simple,ro,2,2
simple,ru,1,1
simple,rue,1,1
simple,sat,2,1
simple,sco,1,1
simple,sk,1,1
simple,sq,3,1
simple,sr,1,1
simple,sv,1,1
simple,sw,5,1
simple,ta,2,2
simple,te,2,2
simple,th,4,4
simple,tpi,1,1
simple,tr,7,6
simple,ur,2,2
simple,uz,2,2
simple,vi,1,1
simple,yo,2,2
simple,yue,1,1
simple,zh,3,3
sk,cs,49,27
sk,de,2,2
sk,en,26,22
sk,es,2,1
sk,fr,1,1
sk,gl,1,1
sk,hu,11,3
sk,pl,3,2
sk,ru,2,2
sk,rue,1,1
sk,sh,1,1
sk,sr,12,1
sk,sv,1,1
sk,uk,3,3
skr,pnb,1,1
sl,ca,1,1
sl,chr,1,1
sl,cs,6,2
sl,de,11,10
sl,en,43,38
sl,fr,3,3
sl,he,1,1
sl,ja,8,8
sl,mk,2,2
sl,pl,3,2
sl,ro,2,2
sl,ru,1,1
sl,sh,4,2
sl,sr,29,4
smn,en,2,1
smn,se,1,1
sn,en,2,2
so,am,1,1
so,ar,1,1
so,de,1,1
so,en,8,5
so,om,2,1
so,pt,1,1
so,ti,1,1
so,tr,1,1
so,uz,2,1
sq,ca,1,1
sq,de,5,4
sq,el,1,1
sq,en,42,38
sq,eo,1,1
sq,fr,1,1
sq,it,9,6
sq,la,4,3
sq,sr,36,1
sq,tr,1,1
sq,uk,1,1
sq,zh,1,1
sr,bg,1,1
sr,bs,2,2
sr,ca,1,1
sr,cs,4,2
sr,de,5,3
sr,el,19,1
sr,en,65,53
sr,es,2,2
sr,fr,8,5
sr,gl,1,1
sr,he,1,1
sr,hr,15,7
sr,it,3,3
sr,ja,2,1
sr,ky,1,1
sr,mk,39,21
sr,ro,1,1
sr,ru,5,4
sr,rup,1,1
sr,sh,5,4
sr,simple,2,1
sr,sl,1,1
sr,sq,1,1
sr,tr,2,2
sr,uk,4,3
sr,vi,1,1
sr,wuu,1,1
ss,ak,1,1
st,as,1,1
st,en,5,3
st,es,1,1
st,ha,1,1
st,ur,1,1
su,fr,1,1
su,id,1,1
su,it,1,1
su,ru,1,1
sv,ar,10,6
sv,bg,1,1
sv,bn,1,1
sv,ca,2,2
sv,cs,5,4
sv,da,3,3
sv,de,6,6
sv,el,1,1
sv,en,65,59
sv,es,3,3
sv,fa,7,7
sv,fi,7,6
sv,fr,4,4
sv,gl,1,1
sv,haw,1,1
sv,he,2,1
sv,hr,1,1
sv,id,1,1
sv,it,1,1
sv,ja,6,5
sv,ka,1,1
sv,lt,2,1
sv,lv,2,1
sv,nb,10,6
sv,nl,2,2
sv,nn,2,2
sv,pl,4,3
sv,pt,1,1
sv,ro,1,1
sv,ru,11,3
sv,sh,1,1
sv,simple,1,1
sv,smn,7,1
sv,sq,1,1
sv,sr,1,1
sv,tr,3,3
sv,uk,1,1
sv,yue,1,1
sw,bn,1,1
sw,de,1,1
sw,en,19,16
sw,es,2,2
sw,fr,2,2
sw,hi,1,1
sw,pl,1,1
sw,tr,1,1
szl,csb,1,1
szl,gl,1,1
szl,oc,1,1
szl,tt,1,1
szl,uk,2,1
ta,ar,7,4
ta,chr,1,1
ta,da,4,1
ta,de,1,1
ta,en,57,53
ta,fr,1,1
ta,hi,2,2
ta,ja,3,2
ta,ko,2,2
ta,ml,4,3
ta,si,2,2
ta,te,2,2
ta,tr,1,1
ta,yue,2,1
ta,zh,1,1
tcy,en,1,1
te,bn,1,1
te,ckb,1,1
te,en,26,21
te,es,1,1
te,hi,2,2
te,ja,1,1
te,kn,2,2
te,ko,1,1
te,mr,1,1
te,ta,1,1
tg,en,7,5
tg,es,1,1
tg,fa,44,10
tg,ky,1,1
tg,os,1,1
tg,ru,11,2
tg,uz,18,5
th,en,56,53
th,es,1,1
th,fa,2,2
th,fr,1,1
th,ia,1,1
th,it,2,2
th,ja,1,1
th,km,2,2
th,ko,1,1
th,lo,2,2
th,mnw,3,1
th,my,2,2
th,ru,1,1
th,shn,1,1
th,sv,1,1
th,tr,2,2
th,vi,2,2
th,yue,2,1
th,zh,6,6
ti,ja,1,1
ti,ur,1,1
tk,az,1,1
tk,en,1,1
tk,tr,1,1
tk,uz,1,1
tl,am,1,1
tl,ast,1,1
tl,bcl,1,1
tl,en,14,12
tl,id,1,1
tl,pag,1,1
tl,scn,1,1
tl,uk,1,1
tn,en,3,3
to,en,2,2
tr,ar,29,21
tr,arz,4,2
tr,az,45,41
tr,ba,1,1
tr,bar,1,1
tr,bn,1,1
tr,bs,2,2
tr,bxr,1,1
tr,ckb,1,1
tr,cs,13,3
tr,cy,1,1
tr,da,1,1
tr,de,28,19
tr,diq,2,2
tr,el,3,3
tr,en,394,344
tr,eo,2,2
tr,es,10,5
tr,ext,1,1
tr,fa,21,20
tr,fi,1,1
tr,fr,17,13
tr,gag,2,2
tr,he,1,1
tr,hy,4,4
tr,id,4,2
tr,it,23,4
tr,ja,7,6
tr,ka,15,7
tr,kk,3,3
tr,ku,35,23
tr,ky,2,1
tr,lb,1,1
tr,li,1,1
tr,mn,1,1
tr,nb,1,1
tr,nl,1,1
tr,nn,1,1
tr,pdc,2,2
tr,pt,7,3
tr,rmy,1,1
tr,ro,2,2
tr,ru,9,6
tr,rup,1,1
tr,sh,4,1
tr,so,1,1
tr,sq,3,2
tr,sr,6,2
tr,sv,1,1
tr,sw,1,1
tr,tk,14,5
tr,tt,2,2
tr,ug,2,1
tr,uk,1,1
tr,ur,2,2
tr,uz,416,111
tr,zh,2,2
tr,zu,1,1
trv,zh,2,2
tt,ba,26,3
tt,en,1,1
tt,kcg,2,1
tt,ne,1,1
tt,ru,4,4
tt,sah,1,1
tt,uk,1,1
tt,ur,1,1
tw,en,1,1
tw,ny,1,1
ty,cy,1,1
ug,ar,1,1
ug,tr,1,1
ug,zh,1,1
uk,ar,3,3
uk,arz,1,1
uk,az,1,1
uk,be,64,16
uk,be-tarask,1,1
uk,bg,2,2
uk,ca,4,1
uk,co,3,1
uk,crh-latn,2,2
uk,cs,10,5
uk,csb,2,1
uk,de,4,4
uk,el,4,3
uk,en,134,118
uk,es,10,9
uk,et,1,1
uk,fi,1,1
uk,fr,12,8
uk,gl,1,1
uk,he,2,2
uk,hr,1,1
uk,hu,1,1
uk,hy,4,1
uk,id,1,1
uk,it,10,5
uk,ja,3,2
uk,ka,2,2
uk,ko,10,1
uk,lv,1,1
uk,mwl,1,1
uk,nl,1,1
uk,pdc,1,1
uk,pl,39,25
uk,pt,5,2
uk,ro,2,2
uk,ru,66,51
uk,rue,9,5
uk,sah,3,1
uk,sco,1,1
uk,simple,2,2
uk,sk,2,2
uk,sl,2,2
uk,smn,1,1
uk,sr,41,1
uk,sv,6,2
uk,szl,1,1
uk,tg,2,1
uk,th,2,2
uk,tk,1,1
uk,tr,1,1
uk,tt,1,1
uk,uz,5,3
uk,zh,3,2
ur,ar,3,1
ur,bn,4,2
ur,ckb,1,1
ur,de,1,1
ur,en,40,36
ur,gu,1,1
ur,hi,2,1
ur,ja,2,2
ur,kk,1,1
ur,ks,1,1
ur,pnb,1,1
ur,ps,2,1
ur,sd,7,1
ur,simple,1,1
ur,skr,11,1
ur,uz,12,2
uz,az,1,1
uz,de,1,1
uz,en,69,58
uz,hu,1,1
uz,kaa,31,22
uz,kk,4,4
uz,ky,6,3
uz,mt,1,1
uz,ru,36,35
uz,tg,3,2
uz,tk,1,1
uz,tr,9,5
uz,zh,1,1
vec,it,1,1
vep,ig,1,1
vi,ak,1,1
vi,ang,3,1
vi,ar,1,1
vi,arz,3,1
vi,as,2,1
vi,be-tarask,4,2
vi,ca,2,2
vi,chr,2,1
vi,cs,3,1
vi,da,1,1
vi,de,1,1
vi,dty,1,1
vi,eml,1,1
vi,en,82,63
vi,fr,6,5
vi,gl,1,1
vi,hak,2,1
vi,he,1,1
vi,hi,2,1
vi,ht,1,1
vi,ia,2,1
vi,id,7,2
vi,iu,2,1
vi,ja,1,1
vi,jbo,1,1
vi,ko,7,5
vi,lfn,1,1
vi,mg,1,1
vi,mn,2,1
vi,nan,2,1
vi,om,1,1
vi,pap,2,1
vi,pcd,1,1
vi,pdc,1,1
vi,pl,1,1
vi,pt,1,1
vi,ro,1,1
vi,ru,2,1
vi,rue,1,1
vi,sh,2,1
vi,simple,11,4
vi,so,1,1
vi,sr,1,1
vi,ta,1,1
vi,ti,1,1
vi,uz,42,4
vi,vls,1,1
vi,vo,1,1
vi,wa,2,1
vi,wo,9,2
vi,wuu,5,1
vi,yue,4,2
vi,zh,4,4
vls,nl,2,2
vo,fr,1,1
vo,rue,1,1
war,az,2,1
war,en,3,3
war,fr,3,3
war,hi,1,1
war,su,1,1
war,zh,1,1
wuu,zh,2,2
xh,en,1,1
xmf,ur,1,1
yi,he,4,4
yi,pt,1,1
yi,tr,2,1
yo,en,2,2
yo,id,1,1
yo,ig,1,1
yo,mhr,1,1
yue,en,2,2
yue,zh,13,13
zh,ar,5,4
zh,ary,1,1
zh,az,1,1
zh,bho,1,1
zh,cdo,1,1
zh,ceb,1,1
zh,cs,2,2
zh,de,2,2
zh,en,220,192
zh,es,6,6
zh,fa,1,1
zh,fr,4,4
zh,ga,1,1
zh,gan,2,2
zh,hak,3,1
zh,he,2,2
zh,id,3,3
zh,it,3,3
zh,ja,99,60
zh,kk,1,1
zh,ko,25,15
zh,la,1,1
zh,lzh,11,10
zh,ms,2,2
zh,nan,11,3
zh,pl,2,2
zh,pt,3,3
zh,ru,4,3
zh,shn,1,1
zh,simple,2,1
zh,so,1,1
zh,sq,1,1
zh,sr,7,1
zh,th,9,9
zh,tr,3,3
zh,uk,3,3
zh,uz,33,11
zh,vi,46,19
zh,wuu,3,2
zh,yue,29,26
zu,as,1,1
zu,en,3,3
ab,id,1,1
ace,bn,1,1
ace,id,1,1
ace,nov,1,1
ace,tn,1,1
ady,kbd,1,1
af,am,1,1
af,ar,1,1
af,ast,2,1
af,ca,3,3
af,ceb,2,1
af,da,1,1
af,de,3,3
af,en,43,22
af,eo,6,1
af,es,4,4
af,fi,1,1
af,fr,5,5
af,gl,4,2
af,haw,3,3
af,he,2,2
af,hu,6,2
af,km,7,1
af,nds-nl,2,1
af,nl,21,14
af,nso,9,1
af,pa,1,1
af,pt,1,1
af,ro,2,2
af,ru,7,5
af,si,1,1
af,st,2,2
af,tn,1,1
af,tr,3,3
af,tt,1,1
af,uk,4,2
af,uz,1,1
af,xh,3,1
af,zu,2,2
ak,en,6,5
ak,hif,1,1
ak,tw,1,1
am,ar,1,1
am,en,1,1
am,es,1,1
am,fr,2,2
am,hu,1,1
am,ja,1,1
am,my,1,1
am,om,95,2
am,ti,4,1
am,ur,1,1
an,ca,57,12
an,co,1,1
an,en,1,1
an,es,314,25
an,eu,1,1
an,gl,10,4
an,pt,1,1
ang,en,2,2
ang,gl,1,1
ang,zh,1,1
ar,af,4,3
ar,am,4,2
ar,an,1,1
ar,ang,1,1
ar,arc,1,1
ar,ary,67,23
ar,arz,701,63
ar,as,1,1
ar,ast,5,3
ar,az,12,7
ar,azb,3,3
ar,ba,1,1
ar,bg,1,1
ar,bn,134,35
ar,bo,9,4
ar,bs,2,2
ar,ca,13,9
ar,ceb,21,1
ar,chr,1,1
ar,ckb,655,44
ar,co,2,1
ar,cr,21,6
ar,cs,5,5
ar,cy,3,3
ar,da,5,4
ar,de,23,22
ar,dv,6,3
ar,dz,5,1
ar,ee,4,1
ar,el,10,7
ar,en,704,475
ar,eo,8,5
ar,es,72,50
ar,eu,2,2
ar,fa,257,69
ar,ff,1,1
ar,fi,3,3
ar,fj,3,1
ar,fo,1,1
ar,fr,551,324
ar,frr,1,1
ar,gan,2,1
ar,gl,13,4
ar,gsw,1,1
ar,ha,4,4
ar,he,76,40
ar,hi,6,4
ar,hr,2,2
ar,hsb,1,1
ar,ht,6,3
ar,hu,3,3
ar,hy,2,2
ar,hyw,4,1
ar,id,14,13
ar,is,3,2
ar,it,15,12
ar,iu,150,13
ar,ja,27,7
ar,kab,32,3
ar,km,2,2
ar,ko,6,5
ar,ku,18,6
ar,la,2,2
ar,ln,2,1
ar,lv,1,1
ar,ml,11,6
ar,mr,1,1
ar,ms,7,4
ar,mt,18,1
ar,my,1,1
ar,mzn,2,1
ar,nb,4,4
ar,nl,4,4
ar,nqo,12,4
ar,oc,1,1
ar,om,23,2
ar,ps,2,2
ar,pt,13,11
ar,ro,6,5
ar,ru,22,16
ar,rue,1,1
ar,sa,1,1
ar,sat,1,1
ar,sc,1,1
ar,scn,1,1
ar,sco,1,1
ar,sd,2,1
ar,sh,1,1
ar,shi,5,2
ar,si,2,1
ar,simple,10,8
ar,skr,1,1
ar,sn,1,1
ar,so,76,8
ar,sq,8,4
ar,sr,2,2
ar,st,4,2
ar,su,7,3
ar,sv,14,9
ar,sw,6,3
ar,szl,1,1
ar,ta,7,4
ar,tg,1,1
ar,th,21,3
ar,tr,63,44
ar,ug,4,4
ar,uk,7,7
ar,ur,206,26
ar,uz,69,18
ar,wo,5,1
ar,xh,2,2
ar,yi,6,4
ar,yo,1,1
ar,zh,6,4
ar,zu,2,2
arc,he,1,1
ary,an,1,1
ary,ar,14,10
ary,ban,1,1
ary,ca,1,1
ary,cbk-zam,1,1
ary,ckb,1,1
ary,es,2,2
ary,fr,7,7
ary,ig,1,1
ary,it,2,2
ary,iu,1,1
ary,ja,1,1
ary,ta,1,1
arz,ar,113,26
arz,ckb,1,1
arz,cr,1,1
arz,en,3,3
arz,fa,3,3
arz,fr,2,2
arz,mzn,1,1
arz,ru,2,2
arz,simple,1,1
arz,uk,1,1
arz,ur,2,2
as,bn,11,6
as,en,8,6
as,hi,9,4
as,ne,1,1
as,ta,1,1
ast,an,2,2
ast,ary,1,1
ast,ca,6,5
ast,en,3,3
ast,eo,3,1
ast,es,94,47
ast,eu,1,1
ast,ext,7,5
ast,fa,1,1
ast,fr,1,1
ast,gl,57,7
ast,he,2,2
ast,it,1,1
ast,ja,1,1
ast,mk,1,1
ast,nn,3,1
ast,oc,1,1
ast,pt,5,3
ast,sv,1,1
ast,zh,2,2
av,ab,1,1
av,ar,1,1
av,az,1,1
av,ba,1,1
av,ce,1,1
av,fr,1,1
av,lbe,1,1
av,lez,1,1
av,os,1,1
av,ru,3,3
awa,hi,1,1
az,af,1,1
az,am,1,1
az,ang,1,1
az,ar,19,7
az,arz,1,1
az,azb,67,13
az,ba,6,4
az,be,5,4
az,bg,6,4
az,bn,1,1
az,bs,2,2
az,ca,4,3
az,ceb,3,3
az,co,1,1
az,cs,2,2
az,cv,1,1
az,cy,2,2
az,de,5,5
az,diq,1,1
az,el,1,1
az,en,104,93
az,eo,3,3
az,es,20,16
az,et,1,1
az,eu,2,2
az,fa,31,20
az,fi,1,1
az,fr,12,12
az,ga,1,1
az,gag,8,1
az,gd,1,1
az,gl,6,4
az,gu,1,1
az,haw,1,1
az,he,13,3
az,hi,1,1
az,ht,1,1
az,hu,3,3
az,hy,9,8
az,it,5,3
az,ja,2,2
az,ka,61,15
az,kk,1,1
az,km,1,1
az,ko,2,2
az,ku,1,1
az,ky,4,2
az,lo,1,1
az,lt,2,2
az,mg,1,1
az,mi,1,1
az,mk,1,1
az,ml,1,1
az,mn,1,1
az,mr,1,1
az,ms,1,1
az,my,2,2
az,mzn,1,1
az,nb,3,2
az,nl,3,3
az,or,1,1
az,pa,1,1
az,pl,4,3
az,ps,1,1
az,pt,7,7
az,ro,1,1
az,ru,231,114
az,rw,1,1
az,sd,1,1
az,simple,2,2
az,sk,2,2
az,sm,1,1
az,so,1,1
az,sq,3,3
az,sr,2,2
az,su,1,1
az,sw,1,1
az,ta,1,1
az,tg,4,4
az,tk,2,2
az,tl,1,1
az,tr,479,211
az,tt,3,3
az,ug,4,2
az,uk,22,14
az,ur,7,3
az,uz,37,20
az,xh,1,1
az,yue,2,1
az,zh,1,1
azb,ar,1,1
azb,az,4,3
azb,en,2,2
azb,fa,8,4
azb,tk,1,1
azb,tr,6,5
ba,be,1,1
ba,crh-latn,1,1
ba,el,4,2
ba,en,1,1
ba,fa,1,1
ba,gl,2,2
ba,it,1,1
ba,ky,2,1
ba,mk,1,1
ba,myv,1,1
ba,ru,44,24
ba,sh,1,1
ba,tr,1,1
ba,tt,2205,32
ba,uk,11,2
ban,el,1,1
ban,id,2,2
bar,ar,1,1
bar,arz,1,1
bar,ca,1,1
bar,de,2,2
bar,en,2,2
bar,it,1,1
bcl,en,7,4
bcl,tl,14,6
be,af,1,1
be,be-tarask,136,14
be,bg,6,2
be,bs,1,1
be,ce,1,1
be,cs,3,3
be,de,1,1
be,el,2,2
be,en,23,16
be,eo,2,2
be,es,5,5
be,fr,2,1
be,gl,1,1
be,he,11,4
be,hi,1,1
be,hu,1,1
be,hy,9,4
be,it,4,1
be,ja,1,1
be,ka,1,1
be,lt,1,1
be,min,1,1
be,mk,1,1
be,ms,1,1
be,nb,1,1
be,new,1,1
be,nl,2,2
be,oc,2,1
be,pl,36,9
be,pt,1,1
be,ru,1308,138
be,rue,1,1
be,sh,1,1
be,simple,3,3
be,sr,1,1
be,sv,1,1
be,tr,6,1
be,tt,3,3
be,uk,1025,93
be,ur,4,1
be,uz,4,4
be,zh,2,2
be-tarask,be,5,3
be-tarask,bn,1,1
be-tarask,es,1,1
be-tarask,ru,2,2
be-tarask,sk,3,1
be-tarask,uk,4,1
be-x-old,be,2,1
bg,ar,1,1
bg,az,5,1
bg,ba,5,2
bg,be,10,3
bg,ca,3,1
bg,cs,61,6
bg,cu,1,1
bg,da,4,2
bg,de,9,6
bg,el,67,8
bg,en,168,89
bg,eo,4,2
bg,es,38,8
bg,fr,25,18
bg,gl,2,2
bg,he,1,1
bg,hr,2,2
bg,hu,21,2
bg,hy,3,3
bg,it,10,7
bg,ja,9,4
bg,ky,1,1
bg,lv,2,2
bg,mg,1,1
bg,mk,138,31
bg,nb,2,2
bg,nl,4,4
bg,nn,1,1
bg,oc,1,1
bg,os,2,1
bg,pl,10,9
bg,pt,1,1
bg,ro,42,7
bg,ru,176,40
bg,sah,1,1
bg,sl,1,1
bg,sq,10,3
bg,sr,22,8
bg,sv,3,2
bg,tg,3,1
bg,tr,52,12
bg,tt,2,2
bg,uk,374,32
bg,ur,7,1
bho,gu,3,2
bho,hi,1,1
bn,am,1,1
bn,ar,16,9
bn,arz,1,1
bn,as,35,17
bn,bho,1,1
bn,bpy,6,5
bn,bug,1,1
bn,ca,1,1
bn,ceb,1,1
bn,da,1,1
bn,de,1,1
bn,el,1,1
bn,en,324,161
bn,eo,1,1
bn,es,2,2
bn,fr,6,6
bn,gl,1,1
bn,gu,8,7
bn,hi,52,28
bn,hif,1,1
bn,it,2,2
bn,ko,1,1
bn,mn,1,1
bn,mr,4,3
bn,ms,1,1
bn,ne,4,4
bn,or,2,2
bn,pa,6,5
bn,pt,1,1
bn,ru,1,1
bn,sa,2,1
bn,sat,3,3
bn,si,1,1
bn,simple,12,7
bn,su,1,1
bn,ta,6,5
bn,te,2,2
bn,tr,1,1
bn,ur,29,9
bn,wuu,1,1
bo,ar,2,2
bpy,gu,1,1
br,ca,1,1
br,cy,1,1
br,en,3,2
br,fr,8,8
br,gl,2,2
br,ka,1,1
br,kw,1,1
br,mt,1,1
br,oc,1,1
br,yue,1,1
bs,am,1,1
bs,ar,6,5
bs,ba,11,1
bs,bg,2,2
bs,cr,1,1
bs,cs,4,4
bs,de,5,3
bs,diq,1,1
bs,el,1,1
bs,en,74,22
bs,eo,1,1
bs,es,3,3
bs,fa,1,1
bs,fr,4,4
bs,hi,1,1
bs,hr,39,24
bs,ilo,1,1
bs,it,8,4
bs,ja,1,1
bs,lt,1,1
bs,lzh,1,1
bs,mk,2,2
bs,ms,1,1
bs,pl,1,1
bs,pt,1,1
bs,ro,2,1
bs,ru,1,1
bs,sh,51,16
bs,simple,1,1
bs,sk,1,1
bs,sl,11,6
bs,sq,111,16
bs,sr,152,28
bs,te,1,1
bs,tr,6,4
bs,uk,24,5
bs,ur,16,1
bs,zh,1,1
bug,ace,1,1
bug,glk,1,1
bug,haw,1,1
bug,id,2,1
bug,pwn,1,1
bxr,mn,1,1
ca,ace,1,1
ca,af,1,1
ca,an,18,10
ca,ar,9,7
ca,ast,12,9
ca,az,2,2
ca,ba,14,2
ca,bm,1,1
ca,bs,1,1
ca,cs,14,9
ca,cy,3,3
ca,da,1,1
ca,dag,1,1
ca,de,23,19
ca,diq,6,2
ca,el,14,6
ca,en,247,164
ca,eo,41,14
ca,es,7852,1373
ca,eu,638,56
ca,ext,3,3
ca,fa,5,2
ca,fi,3,1
ca,fr,590,159
ca,fy,1,1
ca,gl,1089,56
ca,gn,1,1
ca,gu,1,1
ca,ha,3,2
ca,haw,1,1
ca,he,14,7
ca,hi,1,1
ca,hr,2,2
ca,id,1,1
ca,io,1,1
ca,is,1,1
ca,it,82,45
ca,ja,21,6
ca,ko,2,2
ca,kw,1,1
ca,la,19,3
ca,lfn,1,1
ca,lij,2,1
ca,lt,1,1
ca,lv,1,1
ca,mg,11,1
ca,mk,1,1
ca,ms,2,2
ca,mt,1,1
ca,my,1,1
ca,nb,1,1
ca,nl,19,10
ca,oc,742,41
ca,pa,1,1
ca,pl,2,2
ca,pnt,1,1
ca,pt,155,69
ca,ro,13,7
ca,ru,77,20
ca,sc,61,6
ca,scn,1,1
ca,sco,2,2
ca,sh,1,1
ca,si,1,1
ca,simple,12,5
ca,sl,3,1
ca,smn,1,1
ca,sq,17,6
ca,sr,3,3
ca,sv,4,3
ca,sw,1,1
ca,th,1,1
ca,tr,40,9
ca,uk,23,8
ca,ur,1,1
ca,uz,1,1
ca,vi,1,1
ca,yue,1,1
ca,zh,1,1
ca,zu,1,1
cdo,hak,1,1
cdo,lzh,1,1
ce,ar,1,1
ce,el,4,1
ce,fr,1,1
ce,gl,1,1
ce,ja,1,1
ce,ki,1,1
ce,nl,1,1
ce,oc,1,1
ce,ru,1,1
ce,sl,1,1
ce,uk,1,1
ceb,af,13,2
ceb,am,1,1
ceb,arz,1,1
ceb,ast,5,2
ceb,ca,4,4
ceb,ckb,1,1
ceb,cs,1,1
ceb,cv,1,1
ceb,cy,1,1
ceb,de,1,1
ceb,el,7,3
ceb,en,17,13
ceb,eo,1,1
ceb,es,555,24
ceb,eu,1,1
ceb,fa,6,2
ceb,fr,16,9
ceb,ga,2,2
ceb,gl,279,2
ceb,he,7,3
ceb,hu,3,1
ceb,id,6,2
ceb,it,4,4
ceb,ja,4,3
ceb,ka,1,1
ceb,ku,1,1
ceb,lo,1,1
ceb,mg,65,1
ceb,ml,32,1
ceb,nb,1,1
ceb,pl,1,1
ceb,pnb,1,1
ceb,pnt,1,1
ceb,pt,4,3
ceb,ro,1,1
ceb,ru,5,5
ceb,sq,69,5
ceb,sw,1,1
ceb,ta,1,1
ceb,tg,2,2
ceb,th,1,1
ceb,tr,140,6
ceb,tt,1,1
ceb,uk,28,6
ceb,vi,1,1
ceb,vo,1,1
ceb,war,1,1
ceb,zh,2,2
ch,es,1,1
chr,fr,1,1
chr,gl,1,1
chr,ti,1,1
ckb,ar,28,18
ckb,arz,2,2
ckb,dv,1,1
ckb,en,24,17
ckb,fa,21,16
ckb,fr,1,1
ckb,it,1,1
ckb,ja,2,1
ckb,ku,35,14
ckb,nso,1,1
ckb,ps,1,1
ckb,ru,1,1
ckb,simple,2,2
ckb,sv,1,1
ckb,tk,1,1
ckb,ur,1,1
ckb,zh,4,2
co,br,1,1
co,ca,1,1
co,es,1,1
co,fr,7,4
co,gl,2,1
co,it,4,2
co,scn,1,1
cr,bn,1,1
cr,gl,1,1
cr,ja,1,1
crh,gl,1,1
crh-latn,az,4,1
crh-latn,ba,2,1
crh-latn,co,1,1
crh-latn,el,1,1
crh-latn,tr,2,2
crh-latn,uk,1,1
cs,ar,3,2
cs,arz,1,1
cs,bar,11,1
cs,be,4,3
cs,be-tarask,1,1
cs,bg,10,3
cs,bs,2,2
cs,ca,19,5
cs,da,1,1
cs,de,51,33
cs,el,6,4
cs,en,221,156
cs,eo,27,9
cs,es,36,31
cs,et,1,1
cs,eu,12,2
cs,fi,4,4
cs,fj,2,1
cs,fr,206,42
cs,gl,4,2
cs,he,2,2
cs,hr,6,4
cs,hsb,1,1
cs,hu,13,10
cs,id,1,1
cs,it,16,12
cs,ja,10,8
cs,ka,1,1
cs,ko,3,2
cs,ku,1,1
cs,la,4,3
cs,lt,1,1
cs,lv,1,1
cs,nb,1,1
cs,nl,5,1
cs,oc,4,1
cs,pl,32,26
cs,pt,11,6
cs,ro,36,7
cs,ru,93,46
cs,sh,1,1
cs,simple,1,1
cs,sk,643,230
cs,sl,1,1
cs,sq,11,1
cs,sr,29,12
cs,sv,2,2
cs,szl,3,2
cs,tl,1,1
cs,tr,3,3
cs,uk,214,62
cs,vi,5,4
cs,vo,1,1
cs,yue,1,1
cs,zh,7,7
csb,gl,1,1
cu,gl,1,1
cv,gl,1,1
cv,ru,3,3
cv,tt,2,1
cv,uk,3,3
cy,ak,1,1
cy,ang,1,1
cy,ar,2,2
cy,ay,1,1
cy,az,1,1
cy,br,1,1
cy,bs,4,1
cy,ca,3,3
cy,cs,2,2
cy,el,1,1
cy,en,66,17
cy,es,3,3
cy,fr,3,2
cy,ga,67,4
cy,gl,20,4
cy,ja,3,3
cy,kw,7,3
cy,mg,1,1
cy,ms,1,1
cy,pt,1,1
cy,tr,6,1
cy,uk,1,1
cy,yo,1,1
da,ang,1,1
da,ar,3,1
da,be,3,2
da,bg,3,3
da,ca,22,6
da,ckb,1,1
da,cs,27,7
da,de,33,22
da,el,2,2
da,en,176,87
da,eo,8,3
da,es,35,28
da,fa,6,2
da,fi,7,7
da,fo,3,3
da,fr,61,28
da,gl,8,3
da,he,2,2
da,hr,1,1
da,hu,1,1
da,is,11,6
da,it,11,11
da,ja,10,9
da,jv,1,1
da,ka,1,1
da,lt,1,1
da,ltg,1,1
da,lv,1,1
da,mnw,6,1
da,nb,682,48
da,nds-nl,2,1
da,nl,29,11
da,nn,186,8
da,no,1,1
da,pap,1,1
da,pdc,1,1
da,pl,6,5
da,pt,7,6
da,ro,7,2
da,ru,6,6
da,sh,1,1
da,sk,1,1
da,sq,3,1
da,sr,1,1
da,sv,112,34
da,tr,11,6
da,uk,15,12
da,vi,1,1
da,zh,2,2
dag,gl,1,1
dag,ig,1,1
de,ace,1,1
de,af,174,13
de,ak,2,2
de,am,1,1
de,an,1,1
de,ang,2,1
de,ar,665,114
de,ary,4,3
de,arz,19,2
de,as,1,1
de,ast,6,2
de,az,28,7
de,azb,1,1
de,ba,5,3
de,bar,412,27
de,be,21,8
de,be-tarask,1,1
de,bg,178,22
de,bho,1,1
de,bn,24,10
de,br,63,1
de,bs,18,10
de,ca,479,115
de,ckb,6,3
de,cs,1459,145
de,cy,1,1
de,da,94,40
de,diq,14,2
de,dsb,1,1
de,el,489,64
de,en,2405,890
de,eo,247,35
de,es,2112,526
de,et,41,12
de,eu,96,11
de,fa,294,75
de,ff,1,1
de,fi,65,31
de,fr,7326,963
de,ga,1,1
de,gd,1,1
de,gl,165,21
de,got,2,2
de,gsw,51,25
de,gu,1,1
de,ha,8,2
de,he,224,64
de,hi,8,6
de,hr,126,30
de,hsb,20,4
de,ht,1,1
de,hu,332,54
de,hy,11,8
de,ia,1,1
de,id,49,16
de,ie,1,1
de,ig,3,1
de,ik,1,1
de,is,4,4
de,it,1839,356
de,ja,472,132
de,jbo,3,1
de,ka,7,7
de,kab,1,1
de,km,1,1
de,ko,45,12
de,ksh,2,2
de,ku,177,16
de,la,95,14
de,lb,80,16
de,lij,1,1
de,lld,74,1
de,lmo,1,1
de,lo,3,2
de,lt,37,7
de,lv,24,11
de,mg,4,1
de,mi,1,1
de,min,1,1
de,mk,237,35
de,ml,2,2
de,mn,2,1
de,ms,7,5
de,mt,1,1
de,my,1,1
de,myv,2,1
de,na,1,1
de,nb,210,35
de,nds,22,14
de,nds-nl,3,2
de,nl,2003,203
de,nn,16,8
de,no,2,2
de,ny,2,2
de,oc,3,3
de,or,5,2
de,pdc,1,1
de,pfl,2,2
de,pl,347,93
de,ps,1,1
de,pt,367,152
de,rm,10,10
de,ro,594,57
de,ru,848,208
de,rw,1,1
de,sc,3,1
de,sco,1,1
de,sd,1,1
de,sh,10,8
de,si,2,2
de,simple,56,21
de,sk,26,20
de,sl,94,23
de,sm,1,1
de,smn,1,1
de,sn,1,1
de,so,2,2
de,sq,160,37
de,sr,84,29
de,st,2,2
de,su,2,1
de,sv,154,76
de,sw,36,3
de,szl,2,2
de,ta,2,2
de,te,1,1
de,tg,19,2
de,th,15,5
de,ti,1,1
de,tk,5,2
de,tl,26,2
de,tr,1470,139
de,tt,22,2
de,udm,2,1
de,ug,1,1
de,uk,1199,208
de,ur,4,3
de,uz,77,15
de,vi,100,26
de,vo,1,1
de,xh,1,1
de,yi,1,1
de,yue,32,4
de,zh,333,112
de,zu,1,1
din,cr,2,2
diq,de,1,1
diq,tr,1,1
dsb,cs,1,1
dsb,hsb,3,2
dty,gl,1,1
dty,gu,1,1
dv,simple,2,1
el,ar,3,3
el,az,1,1
el,bg,6,5
el,bn,1,1
el,ca,6,4
el,ceb,27,1
el,cs,10,3
el,cy,1,1
el,da,1,1
el,de,13,10
el,en,354,122
el,es,127,31
el,et,1,1
el,eu,5,2
el,fa,1,1
el,fr,43,30
el,gl,4,4
el,he,5,4
el,hy,1,1
el,is,1,1
el,it,53,13
el,ja,10,7
el,kk,3,1
el,la,4,2
el,lv,2,2
el,mg,396,1
el,mhr,3,1
el,mi,1,1
el,mk,6,5
el,nl,2,2
el,pnt,4,2
el,pt,5,5
el,ro,22,4
el,ru,25,16
el,sh,2,2
el,sq,15,9
el,sr,9,7
el,sv,1,1
el,tr,37,16
el,tt,1,1
el,uk,82,12
el,ur,2,1
el,zh,1,1
eml,it,2,2
eml,lmo,3,1
en,ab,10,2
en,ace,4,4
en,ady,2,1
en,af,2998,170
en,ak,809,28
en,am,127,47
en,ami,1,1
en,an,14,12
en,ang,23,16
en,ar,65224,5085
en,arc,2,2
en,ary,130,25
en,arz,2248,49
en,as,520,72
en,ast,56,33
en,atj,3,2
en,av,3,2
en,awa,1,1
en,ay,10,5
en,az,1544,320
en,azb,136,26
en,ba,48,21
en,bar,78,12
en,bcl,1577,64
en,be,1173,99
en,be-tarask,22,5
en,bg,2347,655
en,bho,150,29
en,bi,2,2
en,bjn,2,2
en,bm,1,1
en,bn,30844,1467
en,bo,12,10
en,bpy,3,3
en,br,189,16
en,bs,1556,140
en,bug,4,3
en,bxr,13,5
en,ca,21591,1397
en,cbk-zam,1,1
en,cdo,4,4
en,ce,1,1
en,ceb,849,49
en,ch,2,2
en,chr,9,6
en,chy,2,2
en,ckb,2335,290
en,co,14,10
en,cr,5,4
en,crh-latn,1,1
en,cs,7448,1383
en,cu,2,2
en,cv,1,1
en,cy,3130,205
en,da,3292,452
en,dag,15,7
en,de,6295,1568
en,din,5,4
en,diq,201,19
en,dsb,3,1
en,dty,10,3
en,dv,19,10
en,dz,3,3
en,ee,14,9
en,el,24971,1167
en,eml,1,1
en,eo,2246,284
en,es,94296,11127
en,et,1049,393
en,eu,3847,260
en,ext,3,3
en,fa,45274,4425
en,ff,2,2
en,fi,2078,641
en,fil,1,1
en,fj,9,7
en,fo,18,9
en,fr,78955,8992
en,frp,3,3
en,frr,1,1
en,fur,4,1
en,fy,27,20
en,ga,2053,116
en,gag,1,1
en,gan,1,1
en,gd,78,23
en,gl,9250,172
en,glk,27,8
en,gn,37,7
en,gom,75,15
en,gor,5,2
en,got,28,8
en,gsw,8,7
en,gu,1980,145
en,guw,1,1
en,gv,1,1
en,ha,15546,173
en,hak,2,2
en,haw,28,18
en,he,29386,2262
en,hi,7137,742
en,hif,20,12
en,hr,1615,360
en,hsb,2,1
en,ht,111,22
en,hu,3183,1078
en,hy,1420,298
en,hyw,26,6
en,ia,21,15
en,id,13421,1639
en,ie,22,9
en,ig,13929,330
en,ik,3,3
en,ilo,3,3
en,inh,1,1
en,io,31,13
en,is,303,103
en,it,25852,4225
en,iu,40,12
en,ja,21623,2632
en,jam,29,8
en,jbo,13,8
en,jv,6719,82
en,ka,2161,334
en,kaa,5,4
en,kab,48,9
en,kbd,1,1
en,kcg,1,1
en,kg,5,4
en,ki,1,1
en,kk,229,47
en,kl,3,3
en,km,951,57
en,kn,4487,423
en,ko,7983,1020
en,ks,216,17
en,ksh,9,4
en,ku,988,72
en,kv,3,3
en,kw,738,17
en,ky,162,23
en,la,368,78
en,lad,8,8
en,lb,15,10
en,lbe,1,1
en,lez,1,1
en,lfn,10,8
en,lg,636,45
en,li,3,3
en,lij,11,2
en,lld,1,1
en,lmo,18,7
en,ln,43,5
en,lo,232,12
en,lrc,3,3
en,lt,623,253
en,lv,1054,188
en,lzh,16,15
en,mai,26,15
en,map-bms,2,2
en,mdf,2,2
en,mg,178,12
en,mhr,1,1
en,mi,22,14
en,min,68,10
en,mk,14420,940
en,ml,10205,453
en,mn,219,113
en,mni,102,7
en,mnw,148,9
en,mr,2560,204
en,mrj,3,3
en,ms,12771,361
en,mt,283,50
en,my,1780,208
en,myv,6,4
en,mzn,31,6
en,na,2,2
en,nah,23,3
en,nan,26,10
en,nap,5,4
en,nb,5958,503
en,nds,3,3
en,nds-nl,4,4
en,ne,1191,117
en,new,15,6
en,nia,1,1
en,nl,6219,1602
en,nn,402,35
en,no,14,13
en,nov,7,7
en,nqo,8,5
en,nso,15,10
en,nv,3,3
en,ny,64,10
en,oc,97,19
en,olo,1,1
en,om,88,11
en,or,2517,89
en,os,12,4
en,pa,14581,229
en,pag,8,8
en,pam,4,4
en,pap,9,9
en,pcd,1,1
en,pcm,5,2
en,pdc,8,8
en,pfl,3,3
en,pi,2,2
en,pih,8,2
en,pl,3691,1282
en,pms,3,2
en,pnb,21,14
en,pnt,2,1
en,ps,342,43
en,pt,44266,4160
en,qu,348,6
en,rmy,4,4
en,rn,3,3
en,ro,11949,1075
en,ru,22259,2833
en,rup,2,2
en,rw,1527,46
en,sa,50,28
en,sah,11,6
en,sat,71,12
en,sc,42,9
en,scn,2,2
en,sco,584,58
en,sd,226,24
en,se,11,7
en,sgs,8,2
en,sh,146,74
en,shi,13,3
en,shn,4,3
en,si,741,258
en,simple,1008,263
en,sk,611,308
en,skr,10,2
en,sl,2735,265
en,sm,11,5
en,smn,3,2
en,sn,81,35
en,so,166,34
en,sq,6253,622
en,sr,6633,808
en,srn,2,2
en,ss,115,14
en,st,38,24
en,stq,1,1
en,su,108,29
en,sv,3308,801
en,sw,1890,108
en,szl,3,2
en,ta,26497,1091
en,tcy,23,8
en,te,5238,249
en,tet,12,8
en,tg,517,28
en,th,4265,355
en,ti,23,10
en,tk,62,21
en,tl,9172,267
en,tn,133,28
en,to,3,3
en,tpi,3,3
en,tr,50821,2939
en,ts,202,10
en,tt,56,26
en,tum,56,4
en,tw,275,55
en,tyv,3,3
en,udm,1,1
en,ug,48,13
en,uk,26442,2684
en,ur,16088,249
en,uz,40830,894
en,ve,6,5
en,vec,9,9
en,vi,43990,1607
en,vls,3,3
en,vo,11,6
en,wa,2,2
en,war,67,16
en,wo,14,4
en,wuu,29,11
en,xal,1,1
en,xh,84,33
en,xmf,7,1
en,yi,168,30
en,yo,1396,105
en,yue,377,75
en,za,2,2
en,zea,4,3
en,zh,28509,4463
en,zh-tw,11,5
en,zu,1424,49
eo,af,1,1
eo,ar,1,1
eo,ast,1,1
eo,az,2,1
eo,be,1,1
eo,bg,2,2
eo,bs,6,2
eo,ca,31,13
eo,ceb,5,1
eo,ckb,1,1
eo,co,1,1
eo,cs,28,7
eo,cv,4,1
eo,cy,2,1
eo,da,2,2
eo,de,9,6
eo,el,4,4
eo,en,54,32
eo,es,39,24
eo,et,2,2
eo,eu,11,3
eo,fa,18,6
eo,fi,1,1
eo,fr,49,30
eo,fur,1,1
eo,fy,3,2
eo,ga,2,1
eo,gd,2,2
eo,gl,5,1
eo,he,8,4
eo,hr,4,3
eo,ht,1,1
eo,hu,9,5
eo,hyw,1,1
eo,id,1,1
eo,io,7,6
eo,it,57,10
eo,ja,8,7
eo,jv,2,1
eo,ku,3,3
eo,ky,4,1
eo,la,7,1
eo,lfn,1,1
eo,lij,1,1
eo,lt,22,5
eo,lv,1,1
eo,mg,4,1
eo,mk,1,1
eo,ml,5,2
eo,ms,2,1
eo,mt,1,1
eo,my,4,1
eo,nb,34,3
eo,new,1,1
eo,nl,4,3
eo,oc,2,2
eo,os,1,1
eo,pl,5,5
eo,pt,24,17
eo,ro,12,3
eo,ru,20,13
eo,sc,1,1
eo,sk,6,4
eo,sl,1,1
eo,sq,4,1
eo,sr,3,2
eo,sv,1,1
eo,sw,4,1
eo,tg,4,1
eo,th,4,3
eo,tl,5,2
eo,tr,2,2
eo,tt,1,1
eo,ug,1,1
eo,uk,25,7
eo,ur,10,1
eo,vi,2,2
eo,wuu,1,1
eo,zh,4,4
es,ace,2,2
es,ady,3,3
es,af,44,18
es,ak,2,2
es,am,3,3
es,an,127,37
es,ang,2,2
es,ar,250,91
es,ary,3,3
es,arz,35,3
es,ast,5541,95
es,atj,1,1
es,av,3,2
es,awa,1,1
es,ay,9,6
es,az,35,14
es,ba,25,3
es,bar,1,1
es,bcl,2,2
es,be,25,9
es,bg,28,21
es,bho,1,1
es,bn,423,10
es,bpy,1,1
es,bs,13,9
es,bug,2,2
es,ca,32058,2045
es,cbk-zam,1,1
es,ceb,10,8
es,chr,7,2
es,chy,2,1
es,co,27,8
es,cr,1,1
es,cs,108,37
es,cu,1,1
es,cy,15,6
es,da,47,30
es,de,230,128
es,din,1,1
es,diq,40,6
es,el,175,53
es,eml,1,1
es,en,3096,1345
es,eo,369,82
es,es,1,1
es,et,43,17
es,eu,8376,390
es,ext,54,13
es,fa,194,35
es,ff,1,1
es,fi,35,23
es,fo,4,2
es,fr,3301,885
es,frp,2,2
es,frr,1,1
es,fur,1,1
es,fy,37,7
es,ga,89,7
es,gag,1,1
es,gan,4,4
es,gd,6,3
es,gl,8921,558
es,glk,1,1
es,gn,51,9
es,gsw,8,8
es,gu,1,1
es,gv,1,1
es,ha,5,4
es,haw,39,9
es,he,70,39
es,hi,27,11
es,hif,1,1
es,hr,26,17
es,ht,13,5
es,hu,18,16
es,hy,8,7
es,ia,8,6
es,id,74,14
es,ie,1,1
es,ig,3,3
es,ik,1,1
es,io,2,2
es,is,10,5
es,it,1340,526
es,ja,213,103
es,jam,1,1
es,jv,8,4
es,ka,25,10
es,kab,1,1
es,kbp,1,1
es,kg,2,2
es,kk,11,1
es,kl,1,1
es,km,9,4
es,ko,37,27
es,ku,13,7
es,ky,2,2
es,la,32,22
es,lad,5,5
es,lb,4,3
es,lfn,3,3
es,lg,1,1
es,li,2,2
es,lij,3,3
es,lt,8,5
es,ltg,1,1
es,lv,8,8
es,lzh,2,2
es,mai,1,1
es,mg,12,6
es,mhr,1,1
es,mi,13,5
es,mk,18,9
es,ml,2,2
es,mn,3,3
es,mnw,1,1
es,mr,7,5
es,mrj,1,1
es,ms,13,11
es,mt,34,12
es,mwl,10,6
es,my,10,3
es,mzn,1,1
es,nah,33,13
es,nap,6,3
es,nb,13,13
es,ne,11,3
es,new,1,1
es,nl,91,56
es,nn,1,1
es,no,1,1
es,nqo,1,1
es,ny,9,5
es,oc,91,7
es,pa,9,2
es,pam,1,1
es,pap,4,4
es,pdc,1,1
es,pfl,1,1
es,pl,49,24
es,pms,1,1
es,pnb,2,2
es,ps,5,3
es,pt,4328,754
es,pwn,1,1
es,qu,46,18
es,rm,1,1
es,rmy,1,1
es,rn,1,1
es,ro,584,55
es,ru,328,125
es,rue,4,2
es,rw,2,2
es,sah,9,4
es,sc,12,2
es,scn,2,1
es,sco,5,1
es,sd,3,2
es,se,1,1
es,sg,1,1
es,sh,1,1
es,si,2,2
es,simple,137,77
es,sk,42,38
es,sl,17,9
es,sm,2,2
es,sn,5,3
es,so,5,3
es,sq,13,10
es,sr,37,15
es,st,2,2
es,sv,43,28
es,sw,3,3
es,szl,1,1
es,ta,7,6
es,tcy,1,1
es,te,1,1
es,tg,6,6
es,th,3,3
es,tk,2,2
es,tl,31,8
es,to,1,1
es,tr,184,71
es,tt,6,6
es,tum,2,2
es,tw,1,1
es,tyv,1,1
es,udm,1,1
es,ug,12,5
es,uk,392,91
es,ur,21,8
es,uz,22,11
es,vec,4,3
es,vi,20,12
es,vo,1,1
es,vro,2,1
es,wo,1,1
es,wuu,3,1
es,xh,8,3
es,xmf,2,1
es,yi,3,3
es,yo,3,3
es,yue,4,3
es,zea,2,2
es,zh,95,62
es,zu,8,7
et,am,1,1
et,ar,5,2
et,be,2,2
et,bn,2,2
et,cs,1,1
et,da,1,1
et,de,7,6
et,ee,1,1
et,el,3,3
et,en,142,67
et,eo,5,2
et,es,9,8
et,eu,2,2
et,fi,48,17
et,fr,8,7
et,gl,46,2
et,he,3,2
et,hu,3,2
et,ja,4,3
et,ka,2,2
et,lt,4,3
et,lv,7,5
et,mt,1,1
et,nb,2,1
et,pt,3,3
et,ro,4,2
et,ru,77,43
et,smn,1,1
et,sq,1,1
et,sv,8,7
et,tg,2,1
et,tr,6,5
et,tt,1,1
et,uk,82,24
et,vi,3,1
et,vro,201,4
et,zh,4,4
eu,ast,1,1
eu,be,1,1
eu,bn,1,1
eu,ca,140,37
eu,cs,4,1
eu,cy,17,1
eu,da,1,1
eu,de,2,2
eu,en,18,14
eu,eo,2,2
eu,es,451,173
eu,fr,90,25
eu,gl,129,12
eu,hu,1,1
eu,it,2,2
eu,mg,1,1
eu,nl,2,2
eu,pt,6,5
eu,tr,2,1
ext,ast,2,1
ext,ca,2,2
ext,es,8,2
ext,gl,8,2
fa,af,3,3
fa,am,1,1
fa,ar,205,77
fa,arz,11,8
fa,az,31,15
fa,azb,285,46
fa,bn,6,4
fa,bs,1,1
fa,ca,4,4
fa,ckb,410,53
fa,cs,1,1
fa,cy,1,1
fa,da,4,4
fa,de,29,24
fa,dv,2,2
fa,el,4,2
fa,en,827,496
fa,eo,6,4
fa,es,23,18
fa,fi,2,1
fa,fr,71,45
fa,gl,3,3
fa,glk,23,9
fa,ha,3,2
fa,haw,1,1
fa,he,12,3
fa,hi,8,8
fa,hr,1,1
fa,hu,1,1
fa,hy,6,3
fa,id,5,3
fa,ig,1,1
fa,is,4,3
fa,it,13,12
fa,ja,31,8
fa,jv,2,2
fa,ka,4,3
fa,ko,8,6
fa,ku,59,14
fa,ky,3,1
fa,la,2,2
fa,lrc,1,1
fa,mk,1,1
fa,mni,1,1
fa,mr,2,2
fa,ms,2,1
fa,my,58,4
fa,mzn,162,24
fa,nb,6,6
fa,nl,3,3
fa,os,1,1
fa,pa,3,1
fa,pl,2,2
fa,pnb,1,1
fa,ps,417,17
fa,pt,9,9
fa,rmy,1,1
fa,rn,1,1
fa,ro,4,3
fa,ru,14,14
fa,simple,7,5
fa,skr,1,1
fa,sr,8,2
fa,sv,7,7
fa,tet,1,1
fa,tg,203,17
fa,th,74,9
fa,tk,7,6
fa,tr,54,43
fa,tt,2,2
fa,ug,1,1
fa,uk,42,7
fa,ur,334,31
fa,uz,123,36
fa,vi,1,1
fa,zh,7,7
fi,af,1,1
fi,ar,2,2
fi,be,2,1
fi,bg,4,3
fi,bs,1,1
fi,ca,13,9
fi,ceb,2,1
fi,chr,1,1
fi,cs,12,4
fi,da,3,3
fi,de,8,6
fi,din,1,1
fi,el,5,3
fi,en,248,111
fi,eo,18,2
fi,es,28,20
fi,et,49,20
fi,eu,1,1
fi,fa,2,2
fi,fr,49,32
fi,gl,13,2
fi,gu,2,1
fi,he,8,5
fi,hu,5,3
fi,it,11,11
fi,ja,17,13
fi,ko,1,1
fi,lad,1,1
fi,lt,2,2
fi,lv,1,1
fi,mhr,1,1
fi,mk,1,1
fi,ms,2,2
fi,nan,1,1
fi,nb,3,3
fi,new,1,1
fi,nl,4,3
fi,nn,14,2
fi,pl,6,5
fi,pt,12,9
fi,rmy,1,1
fi,ro,11,4
fi,ru,113,39
fi,se,20,3
fi,sk,1,1
fi,sl,1,1
fi,smn,18,3
fi,sq,3,2
fi,sv,318,65
fi,th,17,2
fi,tl,1,1
fi,tr,168,8
fi,udm,4,1
fi,uk,49,11
fi,vi,1,1
fi,vro,2,1
fi,wuu,1,1
fi,yue,1,1
fi,zh,17,5
fo,da,4,3
fo,en,1,1
fo,gl,1,1
fo,nn,10,2
fo,sv,1,1
fo,uk,2,1
fr,ab,2,2
fr,ace,2,2
fr,ady,1,1
fr,af,32,14
fr,ak,3,3
fr,am,7,6
fr,an,3,2
fr,ar,2793,490
fr,ary,38,14
fr,arz,32,4
fr,as,1,1
fr,ast,5,3
fr,avk,3,1
fr,ay,1,1
fr,az,10,6
fr,ba,2,2
fr,ban,1,1
fr,bar,10,3
fr,be,24,6
fr,bg,55,19
fr,bho,1,1
fr,bi,1,1
fr,bjn,1,1
fr,bm,1,1
fr,bn,8,6
fr,br,119,39
fr,bs,1,1
fr,bxr,1,1
fr,ca,5899,329
fr,ce,1,1
fr,ceb,22,8
fr,ch,2,2
fr,ckb,1,1
fr,co,45,12
fr,cr,1,1
fr,crh-latn,3,3
fr,cs,607,46
fr,cv,1,1
fr,cy,14,8
fr,da,24,15
fr,de,524,233
fr,diq,106,4
fr,dty,2,2
fr,ee,2,1
fr,el,289,65
fr,eml,2,2
fr,en,3178,1534
fr,eo,417,80
fr,es,5614,1195
fr,et,10,2
fr,eu,464,56
fr,fa,175,63
fr,ff,16,9
fr,fi,34,23
fr,fj,1,1
fr,fr,1,1
fr,frp,18,4
fr,frr,1,1
fr,fur,2,2
fr,fy,3,3
fr,ga,29,13
fr,gag,2,2
fr,gan,1,1
fr,gcr,1,1
fr,gd,10,5
fr,gl,461,39
fr,gn,2,2
fr,gom,1,1
fr,gor,1,1
fr,gsw,8,8
fr,gu,7,6
fr,ha,21,8
fr,haw,78,11
fr,he,158,71
fr,hi,8,7
fr,hif,3,3
fr,hr,12,12
fr,ht,465,20
fr,hu,43,27
fr,hy,11,8
fr,hyw,5,4
fr,ia,2,2
fr,id,41,21
fr,ie,1,1
fr,ig,5,5
fr,ilo,1,1
fr,io,11,1
fr,is,7,7
fr,it,2222,582
fr,ja,376,138
fr,jam,2,2
fr,ka,9,6
fr,kaa,1,1
fr,kab,103,23
fr,kg,8,4
fr,ki,2,2
fr,kl,3,3
fr,km,12,6
fr,kn,1,1
fr,ko,59,32
fr,koi,1,1
fr,ksh,2,2
fr,ku,2,2
fr,kw,3,2
fr,ky,5,4
fr,la,102,20
fr,lad,5,4
fr,lb,15,9
fr,lbe,1,1
fr,lez,3,2
fr,lg,2,2
fr,li,2,2
fr,lij,6,4
fr,lld,1,1
fr,lmo,4,3
fr,ln,9,7
fr,lo,13,4
fr,lrc,1,1
fr,lt,9,6
fr,ltg,2,2
fr,lv,4,4
fr,lzh,4,4
fr,mad,1,1
fr,mg,18,10
fr,mhr,1,1
fr,mi,6,5
fr,min,1,1
fr,mk,97,15
fr,ml,6,6
fr,mn,2,1
fr,mr,1,1
fr,mrj,6,3
fr,ms,11,8
fr,mt,5,5
fr,my,10,7
fr,na,2,2
fr,nah,1,1
fr,nap,6,3
fr,nb,28,19
fr,nds,1,1
fr,nds-nl,6,5
fr,ne,2,2
fr,new,1,1
fr,nia,1,1
fr,nl,728,180
fr,nn,14,4
fr,nov,1,1
fr,nqo,377,13
fr,nso,2,2
fr,nv,1,1
fr,ny,5,5
fr,oc,1661,40
fr,olo,1,1
fr,om,1,1
fr,or,3,3
fr,os,1,1
fr,pa,2,2
fr,pap,1,1
fr,pcd,12,1
fr,pdc,4,4
fr,pfl,3,3
fr,pih,1,1
fr,pl,84,56
fr,pms,4,2
fr,pnt,1,1
fr,ps,1,1
fr,pt,1563,284
fr,rm,2,2
fr,rmy,3,3
fr,rn,3,3
fr,ro,557,72
fr,roa-tara,2,2
fr,ru,473,158
fr,rue,2,1
fr,rup,1,1
fr,rw,9,9
fr,sah,1,1
fr,sc,1,1
fr,scn,3,3
fr,sco,2,2
fr,sd,1,1
fr,sgs,2,2
fr,sh,3,3
fr,shi,4,4
fr,si,6,6
fr,simple,57,40
fr,sk,21,8
fr,sl,8,6
fr,sm,7,5
fr,smn,2,2
fr,sn,5,5
fr,so,3,3
fr,sq,81,30
fr,sr,24,17
fr,srn,2,2
fr,ss,1,1
fr,st,3,3
fr,stq,6,3
fr,su,4,4
fr,sv,78,33
fr,sw,35,14
fr,szl,2,2
fr,ta,3,3
fr,te,3,3
fr,tet,2,2
fr,tg,4,4
fr,th,8,4
fr,tk,2,2
fr,tl,6,6
fr,tn,1,1
fr,tpi,1,1
fr,tr,194,97
fr,trv,1,1
fr,tt,2,2
fr,tum,1,1
fr,tw,1,1
fr,ty,3,3
fr,ug,2,2
fr,uk,427,103
fr,ur,5,5
fr,uz,11,10
fr,vi,131,77
fr,vls,3,1
fr,vo,3,3
fr,vro,2,2
fr,wa,8,2
fr,war,2,2
fr,wo,33,8
fr,wuu,1,1
fr,xal,1,1
fr,xh,5,4
fr,xmf,1,1
fr,yi,5,5
fr,yo,4,4
fr,yue,3,3
fr,za,1,1
fr,zea,2,2
fr,zh,274,100
fr,zu,3,3
frp,ca,1,1
frp,fr,1,1
frp,gl,2,1
frr,fa,1,1
frr,nl,2,1
frr,pfl,1,1
fur,eo,1,1
fur,it,3,3
fur,simple,1,1
fy,bn,1,1
fy,en,2,2
fy,eo,1,1
fy,es,2,2
fy,fa,1,1
fy,fr,1,1
fy,gl,5,1
fy,hi,1,1
fy,it,1,1
fy,nds-nl,5,1
fy,nl,19,12
fy,pt,1,1
fy,ru,1,1
fy,stq,1,1
fy,tr,6,1
fy,zh,1,1
ga,cy,3,3
ga,de,1,1
ga,en,10,8
ga,eo,2,2
ga,es,1,1
ga,eu,2,2
ga,fr,8,3
ga,gd,9,5
ga,gl,13,5
ga,he,1,1
ga,ka,1,1
ga,kw,1,1
ga,nan,1,1
ga,nl,1,1
ga,simple,1,1
gag,be,1,1
gag,tr,2,2
gag,uk,1,1
gan,lzh,1,1
gan,vi,1,1
gan,yue,1,1
gan,zh,13,4
gd,en,19,1
gd,es,1,1
gd,fr,33,1
gd,ga,98,4
gd,gl,2,1
gd,ja,1,1
gd,uz,3,1
gl,af,1,1
gl,an,2,2
gl,ar,2,2
gl,ast,19,7
gl,ay,1,1
gl,be,1,1
gl,bg,1,1
gl,bn,1,1
gl,bxr,1,1
gl,ca,139,60
gl,chr,90,1
gl,cy,1,1
gl,de,3,3
gl,diq,1,1
gl,en,18,16
gl,eo,7,5
gl,es,1809,313
gl,eu,56,15
gl,fi,2,2
gl,fr,116,18
gl,ga,1,1
gl,gn,23,1
gl,he,1,1
gl,hi,1,1
gl,it,8,6
gl,nah,14,1
gl,oc,1,1
gl,pt,244,45
gl,qu,9,2
gl,ru,1,1
gl,simple,7,1
gl,tr,1,1
glk,ckb,1,1
glk,fa,3,3
glk,fr,1,1
gn,es,17,4
gn,gl,1,1
gn,ms,1,1
gom,hi,1,1
gor,gl,1,1
got,de,2,2
got,ru,1,1
gsw,bar,1,1
gu,af,1,1
gu,en,115,18
gu,hi,30,15
gu,jv,1,1
gu,mr,6,4
gu,or,1,1
gu,pi,1,1
gu,ur,5,2
gv,sco,1,1
gv,xh,1,1
ha,bn,1,1
ha,en,6,4
ha,ff,3,2
ha,fr,2,1
ha,ig,6,4
ha,lg,1,1
ha,rw,78,1
ha,uk,1,1
ha,yo,1,1
hak,nan,1,1
hak,trv,1,1
hak,zh,2,2
haw,ace,1,1
haw,en,1,1
haw,fi,1,1
haw,fr,1,1
haw,ja,1,1
haw,ko,1,1
haw,la,1,1
haw,mi,1,1
haw,mzn,1,1
haw,pa,1,1
haw,pcd,1,1
haw,ru,1,1
haw,st,1,1
haw,tr,1,1
haw,uk,1,1
he,alt,1,1
he,am,1,1
he,ar,122,50
he,arc,1,1
he,arz,2,2
he,ast,3,1
he,az,1,1
he,bs,1,1
he,ca,4,4
he,cs,15,5
he,de,5,5
he,el,49,5
he,en,522,248
he,eo,787,5
he,es,47,33
he,fa,8,5
he,fr,46,25
he,gag,1,1
he,gl,6,3
he,gu,3,2
he,hak,1,1
he,hi,1,1
he,hr,2,2
he,hu,3,3
he,id,1,1
he,it,10,9
he,ja,3,3
he,jv,1,1
he,kbd,1,1
he,km,2,2
he,ku,1,1
he,la,1,1
he,lad,1,1
he,lt,1,1
he,mk,1,1
he,ml,1,1
he,mni,1,1
he,mt,1,1
he,ne,1,1
he,nl,5,3
he,pl,1,1
he,ps,1,1
he,pt,10,10
he,ro,16,7
he,ru,266,45
he,shi,1,1
he,simple,6,3
he,sr,4,2
he,sv,2,2
he,ti,1,1
he,tl,1,1
he,tr,4,4
he,uk,36,12
he,ur,3,1
he,uz,4,1
he,yi,268,19
he,zh,4,4
hi,af,1,1
hi,ar,5,5
hi,as,25,5
hi,awa,4,1
hi,az,1,1
hi,bho,45,19
hi,bn,42,21
hi,de,2,2
hi,dty,4,1
hi,el,1,1
hi,en,121,97
hi,eo,2,2
hi,es,5,5
hi,fi,1,1
hi,fr,1,1
hi,gl,1,1
hi,gu,376,30
hi,hif,4,4
hi,hu,1,1
hi,id,3,3
hi,it,2,2
hi,ja,4,4
hi,kn,56,9
hi,ko,5,4
hi,ks,1,1
hi,la,1,1
hi,mai,18,8
hi,mg,1,1
hi,ml,10,6
hi,mr,149,39
hi,ne,231,19
hi,new,3,1
hi,nl,2,2
hi,or,8,7
hi,pa,456,41
hi,pt,2,2
hi,ro,1,1
hi,sa,30,10
hi,sat,31,3
hi,sco,1,1
hi,sh,1,1
hi,simple,12,9
hi,ta,12,10
hi,te,6,3
hi,th,3,1
hi,ur,234,19
hi,uz,56,7
hi,vi,2,2
hi,zh,5,5
hif,hi,2,2
hif,jv,1,1
hif,my,1,1
hif,vi,1,1
hr,az,1,1
hr,be,2,1
hr,bg,2,2
hr,bs,76,45
hr,ca,2,2
hr,cs,77,9
hr,cy,1,1
hr,de,8,7
hr,el,1,1
hr,en,75,52
hr,eo,3,1
hr,es,8,7
hr,eu,1,1
hr,fa,2,1
hr,fi,1,1
hr,fr,12,10
hr,gl,3,1
hr,he,1,1
hr,hu,5,4
hr,it,29,12
hr,ja,1,1
hr,km,1,1
hr,la,2,2
hr,lt,1,1
hr,lv,1,1
hr,mk,159,14
hr,nl,2,2
hr,oc,1,1
hr,pl,2,1
hr,pt,3,2
hr,ro,5,4
hr,ru,13,8
hr,sh,113,17
hr,simple,1,1
hr,sk,5,4
hr,sl,20,18
hr,sq,42,9
hr,sr,311,66
hr,sw,1,1
hr,tr,2,2
hr,uk,37,13
hr,vi,2,1
hr,xh,1,1
hsb,be,1,1
hsb,de,3,3
hsb,dsb,20,1
hsb,eo,3,1
hsb,gl,1,1
hsb,mk,1,1
hsb,pl,1,1
ht,ca,1,1
ht,es,4,2
ht,fr,23,5
ht,gl,1,1
ht,oc,1,1
ht,pt,1,1
ht,th,1,1
hu,ar,2,1
hu,ba,1,1
hu,bg,1,1
hu,bn,1,1
hu,bs,1,1
hu,ca,12,7
hu,cs,50,12
hu,da,1,1
hu,de,28,14
hu,el,2,1
hu,en,191,101
hu,eo,6,1
hu,es,27,21
hu,et,2,2
hu,eu,26,1
hu,fa,1,1
hu,fi,8,5
hu,fr,46,29
hu,gl,5,4
hu,ha,1,1
hu,haw,3,2
hu,he,1581,8
hu,hr,1,1
hu,it,14,11
hu,ja,7,6
hu,la,4,3
hu,mk,1,1
hu,nah,1,1
hu,nl,5,5
hu,oc,1,1
hu,pl,2,2
hu,pt,2,2
hu,ro,242,32
hu,ru,22,13
hu,sh,1,1
hu,simple,1,1
hu,sk,58,16
hu,sl,2,2
hu,sq,16,4
hu,sr,6,4
hu,sv,5,3
hu,tg,1,1
hu,tr,9,5
hu,uk,22,5
hu,vi,1,1
hu,zh,1,1
hy,ar,7,2
hy,az,12,4
hy,ba,4,1
hy,be,1,1
hy,bg,1,1
hy,ca,1,1
hy,cs,1,1
hy,de,3,3
hy,el,2,2
hy,en,88,61
hy,eo,2,1
hy,es,3,3
hy,fa,6,2
hy,fr,19,11
hy,gl,3,2
hy,hu,1,1
hy,hyw,15,6
hy,it,2,1
hy,ja,3,2
hy,ka,3,2
hy,lt,1,1
hy,nl,2,1
hy,pl,9,1
hy,pt,1,1
hy,ru,270,108
hy,sco,1,1
hy,si,1,1
hy,simple,3,3
hy,sr,1,1
hy,sv,1,1
hy,tr,20,6
hy,uk,18,7
hy,ur,3,1
hy,zh,2,2
hyw,en,1,1
hyw,hy,9,4
hyw,it,1,1
hyw,ur,1,1
ia,ca,1,1
ia,es,1,1
ia,la,1,1
ia,pt,2,1
id,ace,27,10
id,af,2,2
id,ar,36,11
id,ban,16,5
id,be,1,1
id,bjn,417,37
id,bn,3,3
id,bs,1,1
id,bug,4,3
id,ca,7,5
id,ceb,10,2
id,da,2,2
id,de,2,2
id,el,2,2
id,en,1259,194
id,eo,5,1
id,es,24,20
id,et,1,1
id,fa,1,1
id,fi,1,1
id,fr,29,18
id,gl,1,1
id,gn,7,1
id,gor,62,9
id,he,2,2
id,hi,4,4
id,hr,1,1
id,id,1,1
id,ie,1,1
id,it,5,5
id,ja,27,21
id,jbo,1,1
id,jv,1044,209
id,km,1,1
id,ko,5,5
id,lt,1,1
id,map-bms,3,2
id,min,737,187
id,ms,686,95
id,mt,2,2
id,nan,1,1
id,nb,1,1
id,nl,6,4
id,ps,1,1
id,pt,13,10
id,ro,1,1
id,ru,23,7
id,sc,1,1
id,simple,6,6
id,sk,2,2
id,sq,1,1
id,su,376,80
id,sv,1,1
id,ta,2,2
id,tet,8,5
id,th,2,2
id,tl,12,6
id,tr,9,9
id,tt,1,1
id,uk,5,4
id,uz,13,2
id,vi,12,6
id,war,1,1
id,zh,10,8
ie,en,1,1
ie,eo,1,1
ie,ht,1,1
ie,th,1,1
ig,azb,1,1
ig,en,10,7
ig,ga,1,1
ig,ha,16,1
ig,hy,2,1
ig,ka,2,1
ig,km,1,1
ig,nl,2,1
ig,ps,1,1
ig,so,1,1
ig,tk,2,1
inh,gl,1,1
inh,ru,1,1
io,en,1,1
io,eo,1,1
is,af,3,1
is,be,1,1
is,ca,1,1
is,cs,1,1
is,da,5,5
is,de,4,4
is,el,2,2
is,en,48,24
is,eo,1,1
is,es,3,3
is,fa,3,2
is,fi,1,1
is,fr,4,3
is,gl,2,1
is,hu,2,1
is,it,1,1
is,ja,2,2
is,jv,3,1
is,kl,1,1
is,lt,1,1
is,nb,6,5
is,nl,3,2
is,nn,1,1
is,pl,3,2
is,pt,1,1
is,ru,3,3
is,simple,1,1
is,sk,1,1
is,sv,5,4
is,tr,1,1
is,uk,6,3
it,af,5,4
it,am,1,1
it,ar,83,34
it,ary,1,1
it,arz,2,1
it,ast,1,1
it,az,7,5
it,be,4,2
it,bg,342,10
it,bm,3,3
it,bn,4,3
it,br,1,1
it,bs,2,2
it,ca,796,125
it,ceb,7,1
it,co,18,9
it,cs,139,30
it,cy,5,5
it,da,10,9
it,de,443,87
it,el,244,131
it,eml,60,3
it,en,1114,543
it,eo,144,15
it,es,2478,683
it,et,5,4
it,eu,54,16
it,fa,22,11
it,ff,2,2
it,fi,17,10
it,fr,3214,511
it,fur,3,3
it,fy,1,1
it,ga,7,5
it,gl,263,23
it,glk,4,2
it,gsw,1,1
it,ha,5,2
it,he,43,18
it,hi,2,2
it,hr,21,8
it,hu,215,13
it,hy,2,2
it,ia,12,2
it,id,19,4
it,ie,1,1
it,is,3,3
it,it,1,1
it,ja,185,66
it,ka,5,4
it,kaa,1,1
it,kg,1,1
it,ko,13,7
it,kw,1,1
it,la,45,20
it,lb,2,2
it,lfn,1,1
it,lij,37,7
it,lld,14,3
it,lmo,40,10
it,lt,2,2
it,lv,2,2
it,mk,33,11
it,ml,1,1
it,ms,2,2
it,mt,6,6
it,nap,37,14
it,nb,9,8
it,nds-nl,1,1
it,nl,62,31
it,ny,1,1
it,oc,7,1
it,pdc,2,2
it,pl,63,26
it,pms,9,4
it,ps,1,1
it,pt,364,137
it,rm,6,4
it,ro,140,42
it,roa-tara,1,1
it,ru,201,65
it,sc,498,23
it,scn,7,7
it,sco,2,2
it,sgs,1,1
it,sh,2,1
it,simple,10,9
it,sk,3,3
it,sl,23,12
it,so,1,1
it,sq,124,56
it,sr,16,12
it,su,1,1
it,sv,8,8
it,sw,2,1
it,ta,1,1
it,tl,4,1
it,tr,357,34
it,ty,1,1
it,uk,329,62
it,ur,1,1
it,uz,5,3
it,vec,74,28
it,vi,8,3
it,vo,1,1
it,xh,1,1
it,yi,1,1
it,zh,28,25
iu,am,1,1
iu,ar,5,4
iu,cr,6,4
iu,ta,3,2
iu,xh,1,1
ja,af,1,1
ja,alt,1,1
ja,ar,20,9
ja,arc,1,1
ja,ary,2,2
ja,as,1,1
ja,az,5,2
ja,bcl,1,1
ja,bn,8,5
ja,bo,3,3
ja,ca,17,12
ja,ceb,2,1
ja,co,2,2
ja,cr,1,1
ja,cs,5,2
ja,de,19,17
ja,dv,2,1
ja,el,1,1
ja,en,892,375
ja,eo,6,6
ja,es,169,78
ja,eu,6,1
ja,fa,23,9
ja,fi,3,3
ja,fj,3,1
ja,fr,215,106
ja,ga,1,1
ja,gd,4,1
ja,gl,3,2
ja,hak,7,1
ja,haw,2,1
ja,he,4,4
ja,hi,19,5
ja,ht,15,1
ja,hu,6,5
ja,hy,2,2
ja,id,49,19
ja,ie,1,1
ja,it,78,21
ja,iu,15,9
ja,jam,1,1
ja,ka,1,1
ja,km,3,2
ja,ko,897,164
ja,la,2,1
ja,ln,2,2
ja,lo,1,1
ja,lv,1,1
ja,lzh,64,18
ja,mg,1,1
ja,ml,1,1
ja,mn,2,2
ja,ms,14,12
ja,my,7,6
ja,nan,3,3
ja,nb,12,4
ja,nl,5,5
ja,nso,1,1
ja,pl,10,7
ja,pt,60,32
ja,ro,13,6
ja,ru,50,30
ja,sco,1,1
ja,shi,1,1
ja,si,1,1
ja,simple,7,5
ja,sl,3,3
ja,so,1,1
ja,sq,3,2
ja,sr,1,1
ja,ss,1,1
ja,sv,51,6
ja,sw,1,1
ja,ta,8,6
ja,th,553,10
ja,tl,4,4
ja,tr,25,20
ja,udm,1,1
ja,ug,1,1
ja,uk,14,10
ja,uz,6,3
ja,vi,58,31
ja,wuu,43,2
ja,xh,1,1
ja,yi,5,4
ja,yue,54,16
ja,zh,2172,707
ja,zu,3,3
jam,en,1,1
jv,ar,1,1
jv,en,1,1
jv,gl,1,1
jv,id,13,13
jv,ja,1,1
jv,ms,4,4
jv,nl,1,1
jv,pt,1,1
jv,si,1,1
jv,uk,1,1
ka,ady,1,1
ka,ar,3,1
ka,az,30,10
ka,ba,75,1
ka,be,1,1
ka,bs,7,1
ka,ce,2,1
ka,cs,6,4
ka,de,3,2
ka,el,2,1
ka,en,67,45
ka,eo,1,1
ka,es,2,2
ka,eu,2,2
ka,fa,1,1
ka,fr,14,10
ka,gl,1,1
ka,he,1,1
ka,hy,2,2
ka,ig,1,1
ka,is,1,1
ka,it,1,1
ka,ja,188,6
ka,ku,2,1
ka,nl,1,1
ka,pl,6,2
ka,pt,1,1
ka,ro,1,1
ka,ru,42,23
ka,simple,1,1
ka,ta,1,1
ka,tg,1,1
ka,th,1,1
ka,tr,67,8
ka,uk,41,8
ka,ur,2,1
ka,xmf,38,3
ka,zh,1,1
kaa,am,1,1
kaa,ht,1,1
kaa,ru,2,1
kaa,tr,1,1
kaa,tt,1,1
kaa,uz,7,5
kab,fr,2,2
kbd,ady,10,3
kg,es,2,2
kg,fr,1,1
kg,ln,1,1
kg,rw,1,1
ki,ar,1,1
ki,fr,1,1
kk,ar,1,1
kk,az,5,2
kk,ba,6,4
kk,bg,1,1
kk,bxr,1,1
kk,ca,3,1
kk,el,63,1
kk,en,167,33
kk,eo,1,1
kk,fr,1,1
kk,gl,1,1
kk,ja,1,1
kk,kk,1,1
kk,ky,9,6
kk,mn,1,1
kk,mrj,1,1
kk,ru,273,57
kk,tg,1,1
kk,tr,13,3
kk,tt,15,5
kk,uk,6,6
kk,ur,6,1
kk,uz,530,23
kk,zh,1,1
kl,uk,1,1
km,en,15,10
km,fr,1,1
km,or,9,1
km,th,2,1
km,vi,1,1
kn,bn,3,1
kn,en,16,14
kn,gu,2,2
kn,hi,13,6
kn,mr,1,1
kn,sa,8,4
kn,ta,2,1
kn,tcy,66,13
kn,te,2,2
kn,zh,1,1
ko,ar,14,5
ko,ary,1,1
ko,az,22,2
ko,ba,1,1
ko,bn,3,1
ko,bxr,21,1
ko,ceb,1,1
ko,cy,1,1
ko,de,5,5
ko,el,1,1
ko,en,729,141
ko,es,38,20
ko,fa,3,2
ko,fr,15,14
ko,gl,2,1
ko,got,1,1
ko,he,3,2
ko,hi,1,1
ko,id,35,9
ko,io,1,1
ko,it,6,6
ko,ja,364,130
ko,km,39,1
ko,la,1,1
ko,lo,4,2
ko,lzh,1,1
ko,ml,1,1
ko,mn,4,3
ko,ms,7,5
ko,my,21,5
ko,nb,1,1
ko,nl,1,1
ko,pt,17,8
ko,ro,1,1
ko,ru,7,7
ko,simple,6,5
ko,sr,1,1
ko,ta,1,1
ko,tet,1,1
ko,th,15,4
ko,tl,4,1
ko,tr,10,3
ko,uk,7,7
ko,ur,3,2
ko,uz,51,15
ko,vi,49,9
ko,vo,1,1
ko,yue,3,2
ko,zh,261,105
krc,gl,1,1
ks,en,3,1
ks,fa,2,1
ku,ar,13,9
ku,az,3,1
ku,ca,1,1
ku,ckb,37,19
ku,da,1,1
ku,de,6,6
ku,diq,2,1
ku,ee,1,1
ku,en,8,8
ku,eo,2,2
ku,fa,31,14
ku,fr,2,2
ku,he,2,1
ku,ig,9,3
ku,it,2,2
ku,pl,8,2
ku,sd,8,5
ku,sq,6,4
ku,sv,1,1
ku,tk,1,1
ku,tr,32,20
ku,ur,1,1
kv,gl,1,1
kv,koi,1,1
kv,uk,1,1
kw,ang,4,1
kw,cy,5,1
kw,de,1,1
kw,ig,1,1
kw,so,1,1
kw,ti,6,1
ky,ba,1,1
ky,el,14,1
ky,en,2,2
ky,et,1,1
ky,ja,1,1
ky,kk,2,2
ky,mrj,1,1
ky,ru,27,18
ky,tg,2,2
ky,tr,4,3
ky,tt,1,1
ky,uz,7,4
ky,zh,1,1
la,be,1,1
la,bg,1,1
la,ca,1,1
la,co,1,1
la,cs,1,1
la,de,1,1
la,el,6,2
la,en,3,3
la,eo,6,3
la,es,3,1
la,eu,1,1
la,fr,10,8
la,gl,1,1
la,hr,2,1
la,hy,1,1
la,it,3,3
la,ja,4,3
la,ki,1,1
la,mg,2,1
la,ms,6,1
la,nl,7,2
la,pt,2,2
la,ro,1,1
la,sq,4,2
la,sw,1,1
la,tr,2,2
lad,ca,1,1
lad,eo,1,1
lad,es,2,2
lad,gl,2,2
lad,pt,1,1
lb,ca,2,2
lb,cs,14,1
lb,de,16,8
lb,el,1,1
lb,en,7,6
lb,es,4,2
lb,fi,1,1
lb,fr,21,17
lb,gl,3,1
lb,it,1,1
lb,ja,1,1
lb,la,1,1
lb,nb,1,1
lb,simple,1,1
lb,uk,1,1
lbe,av,1,1
lfn,la,1,1
lg,en,4,2
li,nl,3,2
lij,en,1,1
lij,gl,1,1
lld,it,1,1
lld,vi,1,1
lmo,ca,5,4
lmo,eml,3,1
lmo,en,2,1
lmo,it,13,8
lmo,pms,1,1
ln,fr,2,2
ln,gl,1,1
ln,it,1,1
ln,kg,1,1
ln,la,1,1
ln,pt,2,2
ln,sw,2,2
lo,my,1,1
lo,ru,1,1
lo,th,2,2
lrc,en,1,1
lt,ar,1,1
lt,az,1,1
lt,be,10,4
lt,bn,1,1
lt,cs,7,2
lt,cy,2,1
lt,de,7,6
lt,en,96,44
lt,eo,4,2
lt,es,10,7
lt,et,1,1
lt,eu,2,2
lt,fr,10,10
lt,gl,2,1
lt,hu,2,2
lt,ja,4,2
lt,ko,1,1
lt,lfn,1,1
lt,lv,23,7
lt,mg,1,1
lt,nb,1,1
lt,pl,6,6
lt,pt,1,1
lt,ro,3,1
lt,ru,62,30
lt,sgs,650,3
lt,simple,1,1
lt,sq,1,1
lt,tr,7,2
lt,uk,26,15
lv,ca,1,1
lv,cs,38,3
lv,cy,3,1
lv,de,2,2
lv,en,75,52
lv,eo,2,2
lv,es,6,5
lv,et,3,2
lv,eu,1,1
lv,fi,2,2
lv,fr,22,8
lv,gl,3,1
lv,he,1,1
lv,hr,1,1
lv,hu,1,1
lv,hy,1,1
lv,id,1,1
lv,it,1,1
lv,ka,2,2
lv,lt,32,10
lv,ltg,1,1
lv,nl,1,1
lv,pl,5,4
lv,ru,233,37
lv,sk,2,2
lv,tg,1,1
lv,tr,1,1
lv,uk,22,12
lv,zh,3,2
lzh,yue,4,3
lzh,zh,23,5
mad,gl,1,1
mai,da,1,1
mai,en,1,1
mai,gom,1,1
mai,hi,2,2
mai,id,1,1
mai,ne,2,2
mai,nl,1,1
mai,rmy,1,1
mdf,gl,1,1
mdf,myv,2,1
mg,af,1,1
mg,ar,1,1
mg,da,1,1
mg,eo,1,1
mg,es,1,1
mg,fr,10,8
mg,hy,1,1
mg,ja,1,1
mg,jv,1,1
mg,ka,1,1
mg,nl,1,1
mg,ru,1,1
mg,simple,1,1
mg,uk,3,1
mhr,gl,1,1
mhr,uk,3,1
mi,en,1,1
mi,pl,1,1
mi,tl,1,1
min,en,1,1
min,id,44,23
min,jv,1,1
mk,ar,1,1
mk,be,3,1
mk,bg,24,12
mk,bn,1,1
mk,bs,1,1
mk,ca,1,1
mk,cs,1,1
mk,de,2,2
mk,el,8,3
mk,en,47,40
mk,es,5,4
mk,fr,2,2
mk,gl,1,1
mk,he,41,1
mk,hr,3,3
mk,hsb,3,1
mk,hu,2,2
mk,it,1,1
mk,lt,1,1
mk,mg,2,1
mk,nb,1,1
mk,pl,4,3
mk,ro,10,3
mk,ru,15,11
mk,rup,11,8
mk,sh,1,1
mk,simple,1,1
mk,sl,3,2
mk,sq,39,10
mk,sr,32,16
mk,tr,5,1
mk,uk,215,18
mk,ur,3,1
ml,ar,2,2
ml,en,126,61
ml,eo,1,1
ml,es,1,1
ml,fr,3,3
ml,gu,1,1
ml,hi,9,7
ml,id,1,1
ml,ja,3,3
ml,kn,2,2
ml,ko,1,1
ml,pa,1,1
ml,sa,4,1
ml,simple,1,1
ml,ta,13,11
ml,te,2,1
ml,ur,3,1
ml,zh,1,1
mn,be,1,1
mn,bxr,9,1
mn,de,2,1
mn,en,27,23
mn,es,1,1
mn,ja,4,2
mn,kk,1,1
mn,ky,1,1
mn,mhr,1,1
mn,ro,1,1
mn,ru,6,4
mn,tyv,1,1
mn,ug,1,1
mn,uk,1,1
mn,zh,1,1
mni,bn,1,1
mni,gl,1,1
mni,hi,1,1
mni,hif,2,1
mnw,en,1,1
mnw,gl,1,1
mnw,my,10,5
mr,ang,1,1
mr,bho,2,2
mr,bn,6,3
mr,en,43,31
mr,gl,1,1
mr,gu,49,5
mr,hi,40,20
mr,kn,3,2
mr,mi,1,1
mr,my,1,1
mr,pa,1,1
mr,pi,1,1
mr,sa,5,2
mr,simple,1,1
mr,te,1,1
mr,ur,52,1
mrj,ru,1,1
ms,af,2,2
ms,ak,1,1
ms,ar,42,9
ms,az,2,2
ms,bi,1,1
ms,bn,1,1
ms,ceb,12,3
ms,cs,1,1
ms,de,1,1
ms,el,1,1
ms,en,256,83
ms,es,16,10
ms,et,2,2
ms,fa,1,1
ms,fi,2,2
ms,fr,2,2
ms,gl,4,2
ms,haw,1,1
ms,hi,1,1
ms,hu,3,3
ms,hy,2,2
ms,id,175,54
ms,it,5,3
ms,ja,10,7
ms,jv,22,10
ms,ka,1,1
ms,ko,6,6
ms,la,1,1
ms,lo,6,1
ms,lt,1,1
ms,lv,1,1
ms,mg,74,1
ms,mi,1,1
ms,min,1,1
ms,nl,1,1
ms,ps,1,1
ms,pt,4,4
ms,ru,2,2
ms,simple,17,4
ms,so,1,1
ms,sq,3,3
ms,su,6,5
ms,sv,1,1
ms,ta,1,1
ms,th,3,3
ms,tk,1,1
ms,tl,5,4
ms,tr,5,4
ms,uk,1,1
ms,uz,12,3
ms,yue,1,1
ms,zh,33,22
mt,ar,3,2
mt,ca,2,2
mt,en,4,3
mt,es,1,1
mt,fr,1,1
mt,gl,1,1
mt,pl,1,1
mt,simple,1,1
mt,tr,2,1
mt,uk,7,1
mt,ur,1,1
mwl,gl,3,2
mwl,pt,5,1
my,en,23,21
my,es,1,1
my,fr,1,1
my,it,1,1
my,ja,5,2
my,km,3,2
my,mnw,30,6
my,shn,1,1
my,th,2,1
myv,gl,1,1
myv,ro,1,1
myv,uk,3,1
mzn,arz,1,1
mzn,en,2,2
mzn,fa,14,11
nah,en,1,1
nan,trv,1,1
nan,zh,1,1
nap,it,10,7
nap,ro,1,1
nap,scn,1,1
nb,af,3,3
nb,ar,6,5
nb,az,1,1
nb,bn,5,3
nb,ca,12,7
nb,ceb,4,3
nb,cs,85,2
nb,da,253,38
nb,de,17,13
nb,el,2,2
nb,en,293,85
nb,eo,6,2
nb,es,40,22
nb,et,1,1
nb,eu,3,1
nb,fa,3,3
nb,fi,14,11
nb,fr,345,35
nb,gl,9,4
nb,he,3,3
nb,hi,1,1
nb,hr,1,1
nb,hu,2,2
nb,hy,1,1
nb,is,1,1
nb,it,10,9
nb,ja,3,3
nb,ko,1,1
nb,ku,1,1
nb,lt,2,2
nb,lv,1,1
nb,mk,2,2
nb,mt,1,1
nb,nan,1,1
nb,nds-nl,4,1
nb,nl,10,8
nb,nn,4307,91
nb,pl,18,4
nb,ps,4,1
nb,pt,5,4
nb,ro,6,3
nb,ru,17,12
nb,se,3,3
nb,simple,1,1
nb,sl,2,2
nb,smn,11,1
nb,sr,1,1
nb,sv,174,47
nb,te,1,1
nb,tg,1,1
nb,th,2,1
nb,tr,7,7
nb,uk,13,9
nb,yue,1,1
nb,zh,1,1
nds,de,19,7
nds,en,1,1
nds,gl,1,1
nds,nds-nl,1,1
nds,pdc,1,1
nds,pfl,1,1
nds-nl,bar,2,1
nds-nl,ia,1,1
nds-nl,nds,2,2
ne,bn,3,2
ne,bo,2,1
ne,dty,16,3
ne,en,22,17
ne,fr,1,1
ne,gl,1,1
ne,gu,1,1
ne,hi,13,7
ne,kn,2,2
ne,lo,1,1
ne,mai,16,5
ne,new,65,2
ne,pt,1,1
ne,ru,1,1
ne,sa,2,2
ne,sd,1,1
nl,af,265,27
nl,ar,36,13
nl,arz,7,1
nl,ast,1,1
nl,az,2,2
nl,be,18,1
nl,bg,7,4
nl,ca,44,17
nl,cs,85,13
nl,cy,1,1
nl,da,122,6
nl,de,155,61
nl,diq,2,2
nl,el,8,3
nl,en,757,336
nl,eo,325,13
nl,es,309,107
nl,eu,5,2
nl,fa,34,6
nl,fi,4,3
nl,fr,1145,282
nl,fy,70,14
nl,ga,2,2
nl,gl,81,8
nl,he,9,6
nl,hi,1,1
nl,hr,2,2
nl,hu,9,9
nl,hy,8,3
nl,ia,3,1
nl,id,19,16
nl,ig,1,1
nl,it,88,38
nl,ja,45,23
nl,jv,4,2
nl,ka,2,2
nl,ko,4,2
nl,ksh,1,1
nl,ku,1,1
nl,la,7,5
nl,lb,1,1
nl,li,8,1
nl,lt,1,1
nl,lv,1,1
nl,mk,5,2
nl,ms,1,1
nl,nb,22,12
nl,nds,1,1
nl,nds-nl,16,6
nl,nn,1,1
nl,pap,9,7
nl,pl,6,4
nl,ps,10,2
nl,pt,110,35
nl,ro,31,5
nl,ru,66,25
nl,simple,3,3
nl,sk,1,1
nl,sq,3,3
nl,sr,2,2
nl,srn,2,2
nl,su,2,1
nl,sv,14,13
nl,sw,4,2
nl,tg,1,1
nl,th,2,1
nl,ti,20,2
nl,tl,2,1
nl,tr,40,23
nl,uk,138,24
nl,ur,2,1
nl,uz,2,2
nl,vi,3,2
nl,vls,6,4
nl,wa,2,1
nl,yue,1,1
nl,zh,20,12
nn,af,1,1
nn,cs,1,1
nn,da,6,3
nn,en,7,7
nn,es,1,1
nn,fa,1,1
nn,fo,1,1
nn,fr,6,3
nn,gl,1,1
nn,he,1,1
nn,ko,1,1
nn,nb,2509,97
nn,nds-nl,1,1
nn,nl,1,1
nn,no,42,9
nn,ru,2,2
nn,se,3,2
nn,sq,1,1
nn,sv,17,7
nn,uk,1,1
no,bg,2,2
no,ca,1,1
no,da,43,15
no,en,16,8
no,es,2,2
no,fi,1,1
no,fr,1,1
no,hu,1,1
no,it,1,1
no,nl,3,2
no,nn,533,25
no,simple,2,2
no,sv,4,4
no,tr,3,2
no,uk,1,1
nov,de,1,1
nov,gl,1,1
nqo,ar,1,1
nqo,en,1,1
nqo,fr,1,1
nrm,fr,1,1
nrm,frp,1,1
nrm,gl,1,1
nso,af,2,1
nso,st,2,1
nso,tr,1,1
ny,zh,2,1
oc,ast,1,1
oc,ca,46,28
oc,en,3,2
oc,eo,1,1
oc,es,8,6
oc,eu,1,1
oc,fr,16,7
oc,gl,9,2
oc,ja,1,1
oc,ku,1,1
oc,pt,5,2
olo,gl,1,1
olo,uk,1,1
om,am,2,1
om,de,1,1
om,en,1,1
om,gl,1,1
om,so,2,1
om,ti,2,1
or,bn,2,1
or,en,21,12
or,eu,1,1
or,hi,10,3
or,or,1,1
or,ru,1,1
or,sat,13,4
os,en,1,1
os,fa,1,1
os,gl,1,1
os,uk,1,1
pa,af,1,1
pa,bn,1,1
pa,en,28,16
pa,fr,2,2
pa,gu,3,2
pa,hi,58,17
pa,mr,1,1
pa,pnb,8,4
pa,ta,8,2
pa,ur,122,3
pa,zu,1,1
pag,gl,1,1
pag,war,1,1
pam,en,1,1
pam,vi,1,1
pap,eo,1,1
pap,nl,1,1
pcd,fr,2,2
pcd,gl,2,1
pcd,ig,1,1
pcd,nrm,1,1
pdc,de,1,1
pfl,gl,1,1
pfl,nds,1,1
pi,hi,1,1
pi,mai,1,1
pl,ar,4,4
pl,arz,4,1
pl,ast,2,1
pl,ba,17,2
pl,be,138,24
pl,be-tarask,28,3
pl,bg,15,6
pl,bn,1,1
pl,ca,35,13
pl,ceb,3,1
pl,crh-latn,1,1
pl,cs,254,64
pl,csb,1,1
pl,cy,2,2
pl,da,1,1
pl,de,87,44
pl,diq,1,1
pl,el,95,6
pl,en,419,234
pl,eo,116,18
pl,es,175,78
pl,et,1,1
pl,eu,2,1
pl,fa,3,3
pl,fi,2,1
pl,fr,218,88
pl,fy,1,1
pl,gl,9,3
pl,ha,5,2
pl,he,30,15
pl,hi,1,1
pl,hr,1,1
pl,hu,11,10
pl,hy,11,2
pl,id,3,2
pl,it,47,27
pl,ja,72,26
pl,ka,5,4
pl,km,1,1
pl,ko,3,3
pl,ku,4,1
pl,la,5,3
pl,lt,7,6
pl,lv,2,2
pl,mk,61,20
pl,mn,1,1
pl,ms,1,1
pl,nb,3,2
pl,nl,17,14
pl,nn,1,1
pl,no,1,1
pl,nv,1,1
pl,pdc,1,1
pl,pt,45,17
pl,ro,176,8
pl,ru,463,114
pl,sa,1,1
pl,simple,5,4
pl,sk,11,7
pl,sq,15,6
pl,sr,6,4
pl,sv,5,5
pl,szl,12,7
pl,ta,1,1
pl,tg,2,2
pl,tr,87,12
pl,tt,3,2
pl,uk,2542,238
pl,ur,5,1
pl,uz,3,3
pl,vi,179,11
pl,zh,4,4
pms,gl,1,1
pms,it,5,3
pms,lmo,1,1
pnb,azb,1,1
pnb,hi,1,1
pnb,mzn,2,2
pnb,pa,11,4
pnb,sd,39,4
pnb,ur,18,9
pnt,el,1,1
pnt,en,1,1
ps,am,1,1
ps,ar,1,1
ps,ary,1,1
ps,arz,1,1
ps,bn,1,1
ps,ceb,1,1
ps,ckb,1,1
ps,cy,1,1
ps,el,1,1
ps,en,2,2
ps,eo,1,1
ps,fa,8,6
ps,fr,2,2
ps,gu,1,1
ps,he,1,1
ps,hi,2,2
ps,hy,1,1
ps,ig,1,1
ps,it,1,1
ps,ja,1,1
ps,ka,1,1
ps,km,1,1
ps,ko,1,1
ps,ml,1,1
ps,nb,1,1
ps,ne,1,1
ps,nl,1,1
ps,or,1,1
ps,pa,1,1
ps,pnb,1,1
ps,sd,1,1
ps,shi,1,1
ps,si,1,1
ps,simple,1,1
ps,ta,1,1
ps,tg,2,2
ps,ur,56,1
ps,uz,1,1
ps,zh,1,1
pt,af,7,5
pt,ak,1,1
pt,am,1,1
pt,ar,61,22
pt,arz,1,1
pt,as,1,1
pt,ast,13,5
pt,ay,1,1
pt,az,3,3
pt,be,4,3
pt,bg,4,2
pt,bm,1,1
pt,bn,11,6
pt,br,1,1
pt,bs,4,4
pt,ca,1149,84
pt,ceb,4,4
pt,ch,1,1
pt,chy,1,1
pt,co,4,4
pt,cr,1,1
pt,cs,9,8
pt,cy,7,6
pt,da,8,7
pt,de,102,46
pt,diq,2,2
pt,dv,3,1
pt,ee,1,1
pt,el,11,9
pt,eml,1,1
pt,en,1105,492
pt,eo,85,32
pt,es,3080,651
pt,et,4,3
pt,eu,81,19
pt,fa,6,6
pt,fi,7,6
pt,fj,1,1
pt,fo,2,2
pt,fr,1054,261
pt,fy,4,2
pt,ga,2,2
pt,gag,1,1
pt,gd,1,1
pt,gl,1280,83
pt,gn,4,3
pt,gu,1,1
pt,gv,2,2
pt,ha,2,2
pt,haw,12,5
pt,he,30,14
pt,hi,7,6
pt,hif,1,1
pt,hr,12,11
pt,ht,2,2
pt,hu,5,4
pt,hy,4,3
pt,hyw,1,1
pt,ia,3,2
pt,id,50,5
pt,ig,1,1
pt,io,1,1
pt,is,1,1
pt,it,338,122
pt,ja,85,50
pt,jbo,1,1
pt,jv,3,2
pt,ka,1,1
pt,kl,1,1
pt,ko,19,13
pt,ku,1,1
pt,la,12,10
pt,lb,1,1
pt,lij,1,1
pt,lmo,1,1
pt,ln,3,3
pt,lt,1,1
pt,ltg,1,1
pt,lv,4,4
pt,mg,7,1
pt,mi,2,2
pt,min,1,1
pt,mk,11,7
pt,ml,3,1
pt,mn,1,1
pt,mr,1,1
pt,ms,2,2
pt,mt,4,2
pt,mwl,423,8
pt,my,2,2
pt,nap,2,2
pt,nb,12,7
pt,ne,1,1
pt,nl,44,23
pt,nn,4,2
pt,nov,2,2
pt,ny,1,1
pt,oc,20,3
pt,om,3,2
pt,pa,1,1
pt,pap,1,1
pt,pdc,2,2
pt,pih,1,1
pt,pl,6,6
pt,pms,1,1
pt,pnb,1,1
pt,pt,2,2
pt,qu,2,2
pt,rm,1,1
pt,ro,54,14
pt,ru,88,46
pt,rup,1,1
pt,sc,1,1
pt,scn,2,2
pt,sco,1,1
pt,sh,1,1
pt,simple,64,23
pt,sk,3,3
pt,sl,3,2
pt,sm,4,3
pt,sn,1,1
pt,so,2,2
pt,sq,15,5
pt,sr,4,2
pt,ss,1,1
pt,st,2,2
pt,sv,14,6
pt,sw,1,1
pt,te,2,2
pt,tet,2,2
pt,tg,2,2
pt,th,3,3
pt,tn,1,1
pt,tr,6366,24
pt,ts,1,1
pt,ty,1,1
pt,uk,123,30
pt,ur,4,1
pt,uz,4,4
pt,ve,1,1
pt,vec,1,1
pt,vi,45,5
pt,vls,1,1
pt,vo,2,2
pt,war,1,1
pt,wuu,1,1
pt,xh,9,1
pt,yi,2,2
pt,yo,4,3
pt,yue,1,1
pt,zh,16,14
pt,zu,6,1
qu,es,9,9
qu,gl,6,2
qu,se,1,1
rm,de,1,1
rm,gl,2,1
rm,it,1,1
rmy,ee,2,1
rmy,hif,1,1
ro,af,3,3
ro,am,1,1
ro,ar,3,3
ro,ast,1,1
ro,az,2,2
ro,be-tarask,1,1
ro,bg,11,5
ro,bs,1,1
ro,ca,191,12
ro,ceb,1,1
ro,cs,5,5
ro,de,20,16
ro,el,6,3
ro,en,259,122
ro,eo,6,2
ro,es,104,41
ro,et,1,1
ro,eu,3,2
ro,fi,3,2
ro,fr,119,68
ro,gl,7,3
ro,he,12,6
ro,hu,47,21
ro,id,2,2
ro,it,183,24
ro,ja,17,7
ro,jbo,1,1
ro,la,1,1
ro,lv,3,2
ro,mk,2,2
ro,ml,2,2
ro,mt,1,1
ro,myv,1,1
ro,nb,72,7
ro,nl,5,4
ro,or,1,1
ro,pl,13,6
ro,pt,15,9
ro,ru,46,24
ro,simple,1,1
ro,sq,8,4
ro,sr,2,2
ro,su,1,1
ro,sv,4,4
ro,sw,1,1
ro,th,1,1
ro,tr,7,7
ro,uk,161,28
ro,ur,1,1
ro,uz,2,2
ro,zh,4,3
ru,ab,4,4
ru,ace,3,2
ru,af,7,6
ru,alt,2,2
ru,am,1,1
ru,ami,1,1
ru,ang,1,1
ru,ar,103,36
ru,arz,1,1
ru,av,31,14
ru,ay,1,1
ru,az,1504,104
ru,ba,16584,117
ru,ban,2,2
ru,be,5439,227
ru,be-tarask,20,9
ru,bg,864,69
ru,bn,5,5
ru,bo,1,1
ru,bs,2,2
ru,bxr,44,4
ru,ca,101,28
ru,ce,76,12
ru,ceb,35,3
ru,co,2,1
ru,cr,1,1
ru,crh-latn,1,1
ru,cs,284,74
ru,cu,4,1
ru,cv,40,18
ru,cy,2,2
ru,da,4,4
ru,de,84,62
ru,dz,1,1
ru,ee,1,1
ru,el,197,24
ru,en,1529,554
ru,eo,103,30
ru,es,319,134
ru,et,32,23
ru,eu,4,4
ru,fa,37,21
ru,fi,23,10
ru,fr,769,181
ru,frp,1,1
ru,fy,1,1
ru,gag,2,2
ru,gan,1,1
ru,gl,34,6
ru,gn,1,1
ru,gv,1,1
ru,ha,1,1
ru,haw,6,2
ru,he,1962,54
ru,hi,9,8
ru,hr,2,2
ru,hu,38,12
ru,hy,3084,238
ru,id,21,9
ru,inh,10,5
ru,is,1,1
ru,it,210,74
ru,ja,232,60
ru,jv,1,1
ru,ka,309,67
ru,kaa,14,7
ru,kbd,3,2
ru,kk,3877,224
ru,km,1,1
ru,ko,45,13
ru,koi,1,1
ru,krc,11,2
ru,kw,1,1
ru,ky,472,40
ru,la,23,5
ru,lbe,4,4
ru,lez,9,5
ru,lo,146,1
ru,lt,86,16
ru,lv,115,42
ru,mk,424,22
ru,mn,28,12
ru,ms,3,2
ru,mt,1,1
ru,my,4,4
ru,myv,199,9
ru,nah,1,1
ru,nb,6,4
ru,nds,2,1
ru,nl,17,16
ru,nn,7,2
ru,nqo,1,1
ru,ny,1,1
ru,oc,1,1
ru,olo,1,1
ru,os,201,10
ru,pa,4,1
ru,pl,135,67
ru,pt,132,47
ru,ro,299,50
ru,rue,3,3
ru,sah,438,24
ru,sh,2,2
ru,si,1,1
ru,simple,38,19
ru,sk,26,13
ru,sl,4,4
ru,sq,3,3
ru,sr,163,45
ru,srn,1,1
ru,sv,78,21
ru,sw,1,1
ru,ta,1,1
ru,tg,2830,42
ru,th,7,4
ru,tk,13,8
ru,tl,9,4
ru,tpi,1,1
ru,tr,174,68
ru,tt,2844,120
ru,tyv,410,17
ru,udm,41,9
ru,ug,1,1
ru,uk,41725,2393
ru,ur,33,2
ru,uz,18321,632
ru,vi,158,25
ru,vo,1,1
ru,xmf,5,4
ru,yi,1,1
ru,zh,100,55
rue,ru,3,3
rue,sk,1,1
rue,uk,39,4
rup,gl,1,1
rw,fr,20,2
rw,gl,1,1
rw,ha,1,1
sa,en,1,1
sa,gu,1,1
sa,hi,3,2
sa,kn,2,1
sa,ml,4,2
sa,new,1,1
sa,si,1,1
sa,te,2,1
sah,ru,4,4
sah,uk,10,1
sat,bn,2,2
sat,en,2,2
sc,ca,3,2
sc,en,8,1
sc,eo,1,1
sc,es,2,2
sc,gl,1,1
sc,it,15,12
sc,ro,1,1
scn,it,4,3
scn,nap,1,1
sco,cs,2,1
sco,en,9,5
sco,eo,4,2
sco,es,2,2
sco,fr,1,1
sco,fy,1,1
sco,gd,1,1
sco,gl,1,1
sco,it,1,1
sco,ja,2,2
sco,simple,3,2
sd,en,2,2
sd,fa,4,1
sd,gu,1,1
sd,hi,1,1
sd,ku,1,1
sd,pnb,1,1
sd,skr,1,1
sd,ur,28,3
se,en,1,1
se,gl,1,1
se,nb,1,1
se,nn,1,1
se,smn,7,3
sg,fr,1,1
sgs,fi,1,1
sgs,lt,1,1
sgs,lv,1,1
sgs,vi,1,1
sh,az,1,1
sh,bs,40,16
sh,ceb,8,1
sh,cs,1,1
sh,de,1,1
sh,el,1,1
sh,en,26,15
sh,es,3,3
sh,eu,3,1
sh,fr,2,2
sh,gl,1,1
sh,he,1,1
sh,hr,39,18
sh,it,5,5
sh,mk,19,11
sh,pl,3,3
sh,pt,2,2
sh,ro,1,1
sh,ru,3,3
sh,simple,1,1
sh,sl,2,2
sh,sq,27,11
sh,sr,145,45
sh,tr,1,1
sh,uk,3,2
shn,gl,1,1
si,ar,1,1
si,en,14,13
si,fr,1,1
si,hi,4,1
si,ja,1,1
si,new,1,1
si,ta,1,1
si,ur,1,1
si,zh,1,1
simple,af,25,10
simple,am,10,3
simple,ar,46,23
simple,ary,17,2
simple,arz,3,3
simple,as,1,1
simple,ast,2,2
simple,ay,1,1
simple,az,4,4
simple,ba,22,1
simple,bar,5,1
simple,be,2,2
simple,bg,3,3
simple,bho,3,3
simple,bn,24,13
simple,bo,1,1
simple,bs,1,1
simple,ca,25,18
simple,ceb,3,3
simple,ch,1,1
simple,ckb,65,7
simple,co,1,1
simple,cs,15,9
simple,cy,16,5
simple,da,10,4
simple,de,8,7
simple,dty,1,1
simple,dv,4,1
simple,el,13,8
simple,eml,1,1
simple,en,172,37
simple,eo,116,17
simple,es,607,63
simple,et,2,2
simple,eu,31,2
simple,fa,26,12
simple,ff,1,1
simple,fi,10,4
simple,fr,35,30
simple,fy,3,3
simple,ga,3,1
simple,gd,1,1
simple,gl,131,5
simple,gu,81,9
simple,guw,1,1
simple,ha,546,6
simple,he,6,4
simple,hi,46,25
simple,hif,4,4
simple,hr,6,3
simple,ht,2,2
simple,hu,3,2
simple,hy,2,2
simple,ia,3,3
simple,id,31,5
simple,ie,4,3
simple,ig,2,1
simple,io,1,1
simple,is,2,2
simple,it,21,15
simple,iu,1,1
simple,ja,42,25
simple,jv,19,3
simple,ka,9,4
simple,kg,1,1
simple,km,7,2
simple,kn,2,2
simple,ko,6,6
simple,ku,24,5
simple,kw,140,9
simple,la,2,2
simple,lad,1,1
simple,lfn,1,1
simple,lmo,2,1
simple,ln,1,1
simple,lo,1,1
simple,lt,19,3
simple,lv,1,1
simple,lzh,3,2
simple,mai,1,1
simple,mg,3,2
simple,mi,1,1
simple,mk,4,4
simple,ml,3,2
simple,mn,1,1
simple,mni,2,1
simple,mr,9,5
simple,ms,15,9
simple,mt,2,1
simple,my,27,4
simple,nan,1,1
simple,nap,11,1
simple,nb,22,2
simple,nds,1,1
simple,ne,2,2
simple,new,1,1
simple,nl,22,10
simple,nn,1,1
simple,nso,6,1
simple,ny,2,1
simple,om,19,3
simple,or,2,2
simple,os,10,1
simple,pa,69,6
simple,pap,2,2
simple,pcd,1,1
simple,pdc,1,1
simple,pih,1,1
simple,pl,14,5
simple,pms,2,1
simple,ps,5,2
simple,pt,81,28
simple,ro,15,7
simple,ru,22,15
simple,sa,2,2
simple,sah,15,1
simple,sat,2,2
simple,sco,11,5
simple,sd,7,2
simple,shi,4,2
simple,si,8,2
simple,sk,1,1
simple,sl,1,1
simple,so,1,1
simple,sq,20,7
simple,sr,9,5
simple,st,5,1
simple,sv,4,4
simple,sw,367,3
simple,ta,13,7
simple,te,1,1
simple,tet,1,1
simple,tg,4,4
simple,th,19,3
simple,tl,8,3
simple,tn,2,1
simple,tr,135,26
simple,ts,1,1
simple,tt,3,3
simple,ug,1,1
simple,uk,42,12
simple,ur,12,4
simple,uz,37,4
simple,vec,1,1
simple,vi,39,11
simple,wuu,2,1
simple,xh,149,4
simple,yi,98,2
simple,yo,9,5
simple,yue,1,1
simple,zh,14,13
simple,zu,5,1
sk,az,15,2
sk,bg,4,2
sk,ca,1,1
sk,cs,1388,139
sk,de,7,6
sk,el,2,2
sk,en,145,43
sk,eo,41,6
sk,es,6,5
sk,fr,8,6
sk,gl,1,1
sk,hu,24,16
sk,it,1,1
sk,ja,1,1
sk,mk,2,1
sk,oc,2,1
sk,pl,13,11
sk,pt,1,1
sk,ro,3,2
sk,ru,268,12
sk,rue,2,2
sk,simple,1,1
sk,sl,5,2
sk,sq,2,1
sk,sr,1,1
sk,sv,1,1
sk,tr,2,2
sk,tt,1,1
sk,uk,55,19
skr,gl,1,1
sl,ar,3,2
sl,bg,1,1
sl,bs,17,4
sl,ca,16,3
sl,cs,13,7
sl,de,11,9
sl,en,74,48
sl,eo,1,1
sl,es,10,7
sl,fr,22,17
sl,gl,2,2
sl,he,2,2
sl,hr,22,16
sl,hu,1,1
sl,it,14,11
sl,ja,5,5
sl,lt,1,1
sl,mg,8,1
sl,mk,46,12
sl,ml,1,1
sl,nl,4,2
sl,pl,2,2
sl,pt,3,3
sl,ro,42,1
sl,ru,13,8
sl,sh,1,1
sl,sk,3,1
sl,sq,14,6
sl,sr,14,10
sl,sv,1,1
sl,tr,3,2
sl,uk,8,6
sm,es,1,1
sm,it,1,1
sm,ti,7,1
sm,to,1,1
sm,uk,1,1
smn,en,4,1
smn,fi,7,1
smn,gl,1,1
smn,nb,1,1
sn,en,3,2
so,ar,5,5
so,en,6,6
so,gl,1,1
so,hi,2,1
so,om,3,1
so,ti,1,1
so,tr,5,3
sq,af,1,1
sq,ar,5,4
sq,az,1,1
sq,be,1,1
sq,bg,3,1
sq,bs,21,7
sq,cs,17,2
sq,de,17,8
sq,el,14,9
sq,en,83,60
sq,eo,6,2
sq,es,5,5
sq,fo,1,1
sq,fr,10,10
sq,gl,3,2
sq,he,2,1
sq,hr,1,1
sq,hu,2,2
sq,it,18,12
sq,ku,1,1
sq,la,3,2
sq,lt,1,1
sq,mg,1,1
sq,mk,4,3
sq,mn,1,1
sq,ms,1,1
sq,nl,1,1
sq,nn,1,1
sq,ro,3,3
sq,ru,6,4
sq,sco,4,1
sq,sh,4,3
sq,so,1,1
sq,sr,1,1
sq,sv,5,1
sq,tg,1,1
sq,tr,9,7
sq,uk,8,5
sq,ur,2,1
sr,ar,2,2
sr,az,1,1
sr,be,4,3
sr,bg,9,7
sr,bs,38,23
sr,ca,6,3
sr,cs,43,7
sr,de,11,11
sr,el,29,9
sr,en,124,83
sr,eo,1,1
sr,es,14,13
sr,eu,3,1
sr,fr,22,18
sr,gl,3,2
sr,he,5,3
sr,hr,65,27
sr,hu,4,4
sr,hy,6,2
sr,it,5,4
sr,ja,2,2
sr,lt,1,1
sr,mk,2449,138
sr,nl,2,2
sr,pl,9,5
sr,pt,6,5
sr,ro,23,5
sr,ru,100,44
sr,rup,1,1
sr,sh,54,20
sr,simple,1,1
sr,sk,4,3
sr,sl,19,6
sr,sq,47,11
sr,sr,2,2
sr,ta,1,1
sr,tr,3,3
sr,uk,67,16
sr,ur,2,1
sr,vi,11,2
sr,zh,7,4
ss,es,2,2
st,ar,1,1
st,bn,1,1
st,sw,1,1
su,en,2,2
su,gl,1,1
su,id,4,4
su,it,1,1
su,ja,1,1
su,pt,1,1
su,uk,1,1
sv,af,2,2
sv,ar,35,15
sv,arz,2,1
sv,az,2,2
sv,ba,1,1
sv,be,20,6
sv,bg,2,2
sv,bn,1,1
sv,ca,54,22
sv,ceb,57,2
sv,ckb,9,1
sv,cs,62,16
sv,cy,1,1
sv,da,457,73
sv,de,42,29
sv,el,9,3
sv,en,380,177
sv,eo,76,6
sv,es,183,82
sv,et,4,2
sv,eu,36,4
sv,fa,15,11
sv,fi,297,88
sv,fo,5,3
sv,fr,170,78
sv,gl,40,5
sv,gor,1,1
sv,he,11,5
sv,hr,1,1
sv,hu,6,6
sv,id,36,4
sv,io,3,1
sv,is,10,7
sv,it,42,28
sv,ja,31,15
sv,jv,3,2
sv,ka,1,1
sv,ko,1,1
sv,ku,1,1
sv,kv,1,1
sv,ky,1,1
sv,lad,1,1
sv,lo,18,1
sv,lt,19,3
sv,lv,1,1
sv,mg,1,1
sv,mk,13,3
sv,ml,3,2
sv,mn,2,2
sv,nah,1,1
sv,nb,1158,95
sv,nds-nl,4,1
sv,nl,56,26
sv,nn,334,17
sv,no,4,4
sv,pdc,1,1
sv,pl,11,8
sv,pt,57,24
sv,ro,23,2
sv,ru,83,30
sv,rue,2,1
sv,se,4,4
sv,simple,3,3
sv,sk,2,2
sv,sl,1,1
sv,smn,5,1
sv,sq,13,10
sv,sr,13,6
sv,th,140,3
sv,ti,1,1
sv,tl,5,3
sv,tr,224,16
sv,uk,115,31
sv,vi,4,4
sv,yue,1,1
sv,zh,10,9
sw,ast,1,1
sw,bg,1,1
sw,de,2,2
sw,en,8,7
sw,eo,1,1
sw,es,1,1
sw,fr,4,3
sw,it,1,1
sw,lg,4,1
sw,ln,1,1
sw,nb,1,1
sw,ny,1,1
sw,simple,2,2
sw,sv,1,1
sw,tr,2,2
sw,uk,6,3
sw,vi,1,1
szl,en,1,1
szl,pl,2,2
szl,uk,2,1
szy,gl,1,1
ta,ar,11,3
ta,as,2,2
ta,bn,2,2
ta,de,2,1
ta,dv,1,1
ta,en,58,45
ta,eo,2,2
ta,es,2,2
ta,fr,4,4
ta,gu,5,4
ta,hi,19,13
ta,iu,1,1
ta,ja,13,6
ta,kn,4,4
ta,ko,10,6
ta,ml,46,12
ta,mr,2,2
ta,ms,1,1
ta,my,1,1
ta,ne,1,1
ta,or,1,1
ta,pt,1,1
ta,sa,1,1
ta,si,8,5
ta,simple,1,1
ta,te,6,3
ta,ty,1,1
ta,zh,2,2
tcy,gl,1,1
tcy,kn,1,1
te,bn,2,2
te,en,46,30
te,eo,1,1
te,hi,9,5
te,ja,2,2
te,kn,16,9
te,mai,1,1
te,mr,1,1
te,ru,1,1
te,sa,1,1
te,si,1,1
te,ta,2,2
tg,ab,1,1
tg,alt,2,2
tg,ami,1,1
tg,ar,1,1
tg,ast,1,1
tg,av,1,1
tg,ba,1,1
tg,be,1,1
tg,bn,1,1
tg,bs,1,1
tg,ca,1,1
tg,ceb,1,1
tg,cs,1,1
tg,en,2,2
tg,es,5,5
tg,fa,36,9
tg,gl,2,2
tg,gsw,1,1
tg,he,1,1
tg,hi,2,2
tg,hy,3,3
tg,ky,20,2
tg,mg,1,1
tg,ps,1,1
tg,ru,141,25
tg,simple,1,1
tg,sk,1,1
tg,sl,1,1
tg,sm,1,1
tg,sr,2,2
tg,tt,1,1
tg,uk,11,4
tg,ur,20,2
tg,uz,300,31
th,ab,1,1
th,ace,5,3
th,ak,1,1
th,am,2,1
th,an,1,1
th,ang,2,1
th,ar,2,2
th,ast,2,1
th,ay,2,1
th,az,1,1
th,bi,18,1
th,bn,1,1
th,cbk-zam,1,1
th,cdo,1,1
th,ceb,139,3
th,crh-latn,1,1
th,da,1,1
th,dsb,3,1
th,dz,2,1
th,eml,1,1
th,en,187,60
th,eo,1,1
th,es,7,5
th,et,1,1
th,fr,12,11
th,frp,4,2
th,frr,2,1
th,fur,3,1
th,gd,1,1
th,gn,3,1
th,hif,2,1
th,hsb,1,1
th,ht,1,1
th,id,5,3
th,ie,3,1
th,ig,2,1
th,io,1,1
th,ja,67,10
th,jv,18,1
th,kaa,2,1
th,kab,1,1
th,km,38,7
th,ko,6,1
th,lij,2,1
th,lmo,2,1
th,lo,551,12
th,lt,1,1
th,ltg,2,1
th,lv,1,1
th,mg,13,1
th,mi,3,1
th,mnw,28,3
th,ms,2,2
th,mt,2,2
th,mwl,2,1
th,my,12,7
th,na,2,1
th,nah,2,1
th,nan,1,1
th,nov,1,1
th,nso,1,1
th,oc,1,1
th,olo,2,1
th,pag,2,1
th,pih,4,1
th,pms,2,1
th,pt,1,1
th,rm,1,1
th,ru,1,1
th,rw,2,1
th,sc,1,1
th,scn,1,1
th,sco,2,1
th,se,1,1
th,shn,4,2
th,simple,1,1
th,so,1,1
th,stq,1,1
th,tet,9,1
th,tl,41,2
th,tpi,5,2
th,tw,1,1
th,ty,3,2
th,ug,1,1
th,uz,1,1
th,vi,4,3
th,vo,1,1
th,vro,1,1
th,war,18,1
th,xh,1,1
th,yo,1,1
th,yue,1,1
th,zh,11,7
th,zu,4,1
ti,gl,1,1
ti,nl,1,1
ti,so,1,1
tk,az,2,2
tk,azb,2,2
tk,en,3,3
tk,fr,2,1
tk,ja,1,1
tk,ru,3,2
tk,tr,14,9
tk,uk,1,1
tk,ur,3,1
tk,uz,2,1
tl,ar,2,2
tl,ast,1,1
tl,bcl,169,12
tl,ca,1,1
tl,ceb,186,6
tl,en,27,21
tl,es,6,4
tl,fr,1,1
tl,gl,1,1
tl,hu,1,1
tl,id,2,2
tl,ja,1,1
tl,lo,1,1
tl,ms,2,1
tl,pag,2,1
tl,ru,2,1
tl,simple,2,2
tl,vi,1,1
tl,war,26,1
tl,zh,1,1
tn,en,15,2
to,fr,1,1
to,gl,1,1
to,uk,1,1
tpi,gl,1,1
tpi,sm,1,1
tr,ady,5,2
tr,af,1,1
tr,ang,1,1
tr,ar,214,69
tr,ary,2,1
tr,arz,1,1
tr,az,740,210
tr,azb,124,17
tr,ba,49,5
tr,bg,36,13
tr,bn,19,7
tr,bs,4,4
tr,bxr,1,1
tr,ca,31,7
tr,ckb,6,3
tr,crh-latn,5,4
tr,cs,6,2
tr,da,5,4
tr,de,78,45
tr,diq,505,31
tr,el,29,17
tr,en,574,338
tr,eo,17,4
tr,es,92,56
tr,fa,97,47
tr,fi,2,2
tr,fr,132,74
tr,gag,10,4
tr,gl,5,2
tr,glk,1,1
tr,gsw,1,1
tr,haw,1,1
tr,he,9,6
tr,hi,2,2
tr,hu,10,5
tr,hy,4,3
tr,hyw,2,1
tr,ia,1,1
tr,id,124,6
tr,inh,1,1
tr,it,35,22
tr,ja,23,16
tr,jv,2,2
tr,ka,30,16
tr,kbd,4,3
tr,kk,17,6
tr,kn,1,1
tr,ko,3,3
tr,ku,186,38
tr,ky,8,5
tr,lt,3,3
tr,lv,1,1
tr,mdf,2,1
tr,mg,10,1
tr,mk,11,6
tr,mn,3,3
tr,ms,3,3
tr,nb,2,2
tr,nl,14,12
tr,ny,3,1
tr,pdc,2,1
tr,pl,6,3
tr,pnb,1,1
tr,ps,2,1
tr,pt,39,9
tr,rm,1,1
tr,rmy,1,1
tr,ro,18,9
tr,ru,101,45
tr,sco,1,1
tr,simple,11,9
tr,sk,1,1
tr,so,6,3
tr,sq,10,8
tr,sr,6,4
tr,sv,16,10
tr,sw,1,1
tr,ta,1,1
tr,tg,2,2
tr,th,1,1
tr,tk,42,17
tr,tr,2,2
tr,tt,14,9
tr,ug,7,5
tr,uk,152,16
tr,ur,7,5
tr,uz,3092,190
tr,vi,3,3
tr,xh,1,1
tr,yi,1,1
tr,zh,3,3
ts,af,1,1
ts,cy,1,1
ts,en,1,1
ts,et,1,1
ts,gl,1,1
ts,hi,1,1
ts,ro,1,1
ts,zu,1,1
tt,av,1,1
tt,ba,338,21
tt,bg,1,1
tt,br,1,1
tt,cv,2,2
tt,en,2,2
tt,eo,1,1
tt,es,1,1
tt,fr,1,1
tt,fy,1,1
tt,gl,2,1
tt,ky,1,1
tt,ro,1,1
tt,ru,30,18
tt,tg,1,1
tt,tr,3,2
tt,uk,8,4
tt,ur,18,1
tt,zh,1,1
tw,es,1,1
tw,id,1,1
ty,az,1,1
ty,ca,1,1
ty,haw,1,1
ty,ie,1,1
ty,zh,1,1
tyv,gl,1,1
tyv,ky,1,1
udm,el,1,1
udm,gl,1,1
udm,smn,1,1
ug,en,1,1
ug,gl,1,1
ug,tr,1,1
uk,ab,1,1
uk,ady,1,1
uk,af,2,2
uk,an,1,1
uk,ar,23,9
uk,arz,3,3
uk,az,21,10
uk,ba,29,12
uk,be,1691,59
uk,be-tarask,10,2
uk,bg,16,12
uk,bs,1,1
uk,bxr,1,1
uk,ca,15,10
uk,ceb,3,2
uk,co,2,1
uk,crh-latn,310,11
uk,cs,63,19
uk,cv,2,1
uk,da,1,1
uk,de,56,36
uk,el,13,9
uk,en,464,227
uk,eo,6,4
uk,es,72,41
uk,et,4,4
uk,eu,1,1
uk,fa,4,4
uk,fi,7,6
uk,fr,58,40
uk,ga,1,1
uk,gd,1,1
uk,gl,5,2
uk,he,26,11
uk,hi,2,1
uk,hr,3,3
uk,hu,8,6
uk,hy,17,8
uk,ia,1,1
uk,ig,1,1
uk,is,2,2
uk,it,44,19
uk,ja,11,11
uk,ka,15,3
uk,kk,2,1
uk,km,1,1
uk,ko,1,1
uk,ky,2,2
uk,la,3,2
uk,lt,3,1
uk,lv,3,2
uk,mk,78,6
uk,mt,1,1
uk,myv,2,2
uk,nb,2,1
uk,new,1,1
uk,nl,8,7
uk,pdc,1,1
uk,pl,63,35
uk,pt,13,10
uk,ro,66,13
uk,ru,7359,543
uk,rue,9,6
uk,sah,2,1
uk,sh,1,1
uk,simple,16,7
uk,sk,5,4
uk,sl,4,3
uk,sq,4,2
uk,sr,36,9
uk,sv,8,3
uk,tg,187,9
uk,th,2,2
uk,tk,1,1
uk,tr,27,18
uk,tt,7,7
uk,ur,2,1
uk,uz,21,10
uk,vi,4,4
uk,war,1,1
uk,yi,3,2
uk,zh,19,13
uk,zu,1,1
ur,af,1,1
ur,ar,19,11
ur,ary,1,1
ur,arz,2,2
ur,az,1,1
ur,bn,75,11
ur,ca,1,1
ur,cs,1,1
ur,da,1,1
ur,en,91,44
ur,es,3,3
ur,fa,17,15
ur,fr,1,1
ur,gu,2,2
ur,he,1,1
ur,hi,30,17
ur,it,1,1
ur,ja,1,1
ur,ko,1,1
ur,ks,63,2
ur,mni,1,1
ur,ms,2,1
ur,my,1,1
ur,ne,1,1
ur,pa,28,5
ur,pnb,109,16
ur,ps,703,9
ur,ro,1,1
ur,sd,786,13
ur,simple,2,2
ur,skr,333,3
ur,ta,1,1
ur,te,1,1
ur,tr,4,4
ur,ug,1,1
ur,uk,1,1
ur,uz,4,3
ur,zh,1,1
uz,ab,2,2
uz,ace,1,1
uz,ady,1,1
uz,am,1,1
uz,an,1,1
uz,ar,2,1
uz,arz,1,1
uz,az,13,8
uz,azb,1,1
uz,be,14,4
uz,ceb,1,1
uz,el,1,1
uz,en,28,28
uz,eo,2,2
uz,es,1,1
uz,et,2,2
uz,fr,2,2
uz,ja,1,1
uz,ka,1,1
uz,kaa,228,70
uz,kk,1,1
uz,ky,6,4
uz,mn,1,1
uz,ms,1,1
uz,nb,1,1
uz,ny,1,1
uz,olo,1,1
uz,pt,2,2
uz,rmy,1,1
uz,ru,107,50
uz,sk,1,1
uz,tg,4,4
uz,tk,1,1
uz,tr,28,16
uz,tt,3,1
uz,ug,2,1
uz,uk,1,1
uz,ur,5,1
uz,zh,1,1
vec,en,1,1
vec,it,6,5
vec,la,1,1
vec,sc,1,1
vep,gl,1,1
vi,ar,3,3
vi,arz,2,2
vi,az,1,1
vi,be,6,1
vi,bn,1,1
vi,bo,1,1
vi,ca,2,2
vi,cdo,2,1
vi,ceb,24,1
vi,cs,8,4
vi,de,1,1
vi,el,3,2
vi,en,122,75
vi,eo,1,1
vi,es,12,10
vi,fi,1,1
vi,fo,2,1
vi,fr,34,27
vi,gan,1,1
vi,gl,40,2
vi,glk,1,1
vi,hak,1,1
vi,hr,1,1
vi,hsb,1,1
vi,hu,1,1
vi,id,55,4
vi,it,1,1
vi,iu,4,1
vi,ja,29,12
vi,jv,1,1
vi,km,3,2
vi,ko,16,8
vi,la,1,1
vi,lrc,1,1
vi,ml,4,1
vi,nan,2,2
vi,ne,1,1
vi,nl,1,1
vi,om,4,1
vi,ro,2,1
vi,ru,47,3
vi,simple,9,6
vi,so,1,1
vi,th,8,5
vi,tr,70,3
vi,tw,1,1
vi,uk,1,1
vi,uz,41,8
vi,vi,1,1
vi,vo,1,1
vi,wo,1,1
vi,wuu,1,1
vi,yue,14,2
vi,zh,38,21
vls,nl,3,3
vls,wa,2,1
vo,gn,1,1
vo,mg,6,1
vo,ty,1,1
vro,gl,1,1
vro,ja,1,1
wa,fr,4,4
wa,gl,6,1
wa,ko,1,1
wa,nl,2,1
wa,pcd,1,1
war,ar,1,1
war,ceb,8,1
war,en,3,3
war,fr,2,2
war,gl,4,1
war,id,1,1
war,lo,4,1
war,ml,1,1
war,ne,2,1
war,tr,1,1
war,ug,1,1
war,vi,20,1
wuu,fr,1,1
wuu,lzh,1,1
wuu,ru,1,1
wuu,yue,36,1
wuu,zh,35,18
xh,en,1,1
xh,fr,1,1
xh,simple,1,1
xh,st,1,1
xh,zu,1,1
xmf,en,2,2
xmf,ka,7,4
yi,bar,4,1
yi,cs,1,1
yi,en,2,2
yi,he,18,11
yi,tr,1,1
yi,ur,1,1
yo,en,2,2
yo,fa,1,1
yo,fr,2,2
yo,ha,3,1
yo,ig,2,2
yo,ro,1,1
yo,simple,1,1
yo,sv,1,1
yue,en,10,8
yue,es,1,1
yue,fr,1,1
yue,ja,5,4
yue,lzh,1,1
yue,nan,1,1
yue,trv,1,1
yue,wuu,20,3
yue,za,1,1
yue,zh,330,71
zea,ig,1,1
zea,nl,2,2
zea,so,1,1
zh,ab,1,1
zh,ace,2,2
zh,af,1,1
zh,am,2,1
zh,ar,20,15
zh,ast,1,1
zh,az,7,4
zh,ba,1,1
zh,be,2,2
zh,bi,1,1
zh,bn,6,1
zh,bo,1,1
zh,ca,52,7
zh,cbk-zam,1,1
zh,cdo,7,3
zh,ceb,336,3
zh,chy,1,1
zh,ckb,1,1
zh,co,2,1
zh,crh-latn,1,1
zh,cs,6,3
zh,da,1,1
zh,de,24,14
zh,diq,1,1
zh,el,4,3
zh,en,917,494
zh,eo,10,6
zh,es,70,32
zh,eu,1,1
zh,fa,4,4
zh,fi,6,2
zh,fj,3,1
zh,fr,108,43
zh,frp,2,1
zh,frr,1,1
zh,gan,2,2
zh,gl,6,3
zh,gn,4,1
zh,got,1,1
zh,gsw,1,1
zh,hak,1054,2
zh,he,9,4
zh,hi,1,1
zh,ht,2,1
zh,hu,1,1
zh,hy,1,1
zh,id,15,10
zh,io,1,1
zh,it,14,10
zh,iu,1,1
zh,ja,873,277
zh,jbo,1,1
zh,kab,2,1
zh,kl,1,1
zh,km,2,1
zh,ko,128,59
zh,ky,6,4
zh,la,1,1
zh,lo,35,2
zh,lv,1,1
zh,lzh,160,61
zh,mi,1,1
zh,min,2,2
zh,mk,168,1
zh,mn,1,1
zh,ms,20,7
zh,my,3,3
zh,na,1,1
zh,nan,277,26
zh,nb,3,2
zh,nds-nl,1,1
zh,nl,7,7
zh,nov,3,3
zh,om,1,1
zh,pap,1,1
zh,pl,1,1
zh,pms,1,1
zh,pt,24,15
zh,ro,2,1
zh,ru,40,21
zh,sc,2,1
zh,scn,1,1
zh,sco,1,1
zh,se,1,1
zh,simple,22,17
zh,so,11,2
zh,sq,1,1
zh,sr,2,1
zh,srn,1,1
zh,stq,1,1
zh,sv,6,6
zh,ta,1,1
zh,tg,1,1
zh,th,103,11
zh,tl,55,3
zh,tpi,52,1
zh,tr,3,3
zh,trv,4,3
zh,ug,1,1
zh,uk,34,14
zh,ur,1,1
zh,uz,70,14
zh,vep,1,1
zh,vi,442,82
zh,vo,1,1
zh,war,25,1
zh,wuu,605,21
zh,xal,26,1
zh,yo,1,1
zh,yue,800,112
zh,zh,28,27
zh,zh-min-nan,1,1
zh,zh-tw,8,6
zh-yue,en,1,1
zh-yue,wuu,2,1
zh-yue,zh,2,2
zu,az,1,1
zu,bg,1,1
zu,co,1,1
zu,en,2,2
zu,fr,1,1
zu,gd,1,1
zu,haw,1,1
zu,hr,1,1
zu,sn,1,1
zu,ss,1,1
zu,tw,1,1
zu,xh,2,2
